FILENAME,VIEW,COLOUR
10.33.21 hrs __[0005899].mp4,PLAX,NO COLOUR
10.33.51 hrs __[0005900].jpeg,PLAX,NO COLOUR
10.35.17 hrs __[0005901].jpeg,PLAX,NO COLOUR
10.37.20 hrs __[0005902].jpeg,PLAX,NO COLOUR
10.38.47 hrs __[0005903].jpeg,PLAX,NO COLOUR
10.39.07 hrs __[0005904].mp4,PLAX,NO COLOUR
10.39.22 hrs __[0005905].mp4,PLAX,COLOUR
10.40.10 hrs __[0005906].jpeg,PLAX,COLOUR
10.40.15 hrs __[0005907].mp4,NOT PLAX,NO COLOUR
10.40.31 hrs __[0005908].mp4,NOT PLAX,NO COLOUR
10.40.50 hrs __[0005909].mp4,NOT PLAX,COLOUR
10.40.57 hrs __[0005910].mp4,NOT PLAX,NO COLOUR
10.41.08 hrs __[0005911].mp4,NOT PLAX,COLOUR
10.41.25 hrs __[0005912].mp4,NOT PLAX,COLOUR
10.41.54 hrs __[0005913].jpeg,PLAX,COLOUR
10.42.06 hrs __[0005914].mp4,NOT PLAX,NO COLOUR
10.42.17 hrs __[0005915].mp4,NOT PLAX,COLOUR
10.42.42 hrs __[0005916].jpeg,CAN'T TELL,NO COLOUR
10.43.03 hrs __[0005917].mp4,NOT PLAX,NO COLOUR
10.44.47 hrs __[0005918].jpeg,NOT PLAX,NO COLOUR
10.45.07 hrs __[0005919].mp4,NOT PLAX,COLOUR
10.45.20 hrs __[0005920].jpeg,NOT PLAX,COLOUR
10.46.03 hrs __[0005921].jpeg,NOT PLAX,COLOUR
10.47.26 hrs __[0005922].jpeg,NOT PLAX,COLOUR
10.47.58 hrs __[0005923].jpeg,NOT PLAX,NO COLOUR
10.48.44 hrs __[0005924].jpeg,NOT PLAX,NO COLOUR
10.49.43 hrs __[0005925].jpeg,NOT PLAX,NO COLOUR
10.49.58 hrs __[0005926].jpeg,NOT PLAX,NO COLOUR
10.50.15 hrs __[0005927].mp4,NOT PLAX,COLOUR
10.50.45 hrs __[0005928].jpeg,NOT PLAX,NO COLOUR
10.50.50 hrs __[0005929].mp4,NOT PLAX,NO COLOUR
10.51.20 hrs __[0005930].mp4,CAN'T TELL,NO COLOUR
10.51.54 hrs __[0005931].mp4,CAN'T TELL,NO COLOUR
10.52.13 hrs __[0005932].jpeg,CAN'T TELL,NO COLOUR
11.13.50 hrs __[0009556].mp4,,
11.14.13 hrs __[0009557].jpeg,PLAX,NO COLOUR
11.14.59 hrs __[0009558].jpeg,PLAX,NO COLOUR
11.15.38 hrs __[0009559].jpeg,PLAX,NO COLOUR
11.15.54 hrs __[0009560].jpeg,PLAX,NO COLOUR
11.16.07 hrs __[0009561].mp4,PLAX,COLOUR
11.16.14 hrs __[0009562].mp4,PLAX,COLOUR
11.16.24 hrs __[0009563].mp4,NOT PLAX,NO COLOUR
11.16.45 hrs __[0009564].mp4,NOT PLAX,COLOUR
11.17.42 hrs __[0009565].jpeg,NOT PLAX,COLOUR
11.17.50 hrs __[0009566].mp4,NOT PLAX,NO COLOUR
11.18.01 hrs __[0009567].mp4,NOT PLAX,NO COLOUR
11.18.16 hrs __[0009568].mp4,NOT PLAX,COLOUR
11.18.25 hrs __[0009569].mp4,NOT PLAX,NO COLOUR
11.18.35 hrs __[0009570].mp4,NOT PLAX,COLOUR
11.18.47 hrs __[0009571].mp4,NOT PLAX,NO COLOUR
11.19.15 hrs __[0009572].jpeg,NOT PLAX,NO COLOUR
11.20.01 hrs __[0009573].mp4,NOT PLAX,COLOUR
11.20.35 hrs __[0009574].jpeg,NOT PLAX,NO COLOUR
11.20.58 hrs __[0009575].jpeg,NOT PLAX,COLOUR
11.21.05 hrs __[0009576].mp4,NOT PLAX,COLOUR
11.21.25 hrs __[0009577].jpeg,NOT PLAX,COLOUR
11.21.46 hrs __[0009578].jpeg,NOT PLAX,COLOUR
11.23.03 hrs __[0009579].jpeg,NOT PLAX,NO COLOUR
11.23.38 hrs __[0009580].jpeg,NOT PLAX,NO COLOUR
11.24.02 hrs __[0009581].mp4,NOT PLAX,NO COLOUR
11.24.10 hrs __[0009582].mp4,NOT PLAX,COLOUR
11.24.30 hrs __[0009583].jpeg,NOT PLAX,COLOUR
11.24.37 hrs __[0009584].mp4,NOT PLAX,NO COLOUR
11.25.04 hrs __[0009585].mp4,PLAX,COLOUR
11.25.20 hrs __[0009586].jpeg,PLAX,COLOUR
11.25.39 hrs __[0009587].mp4,NOT PLAX,NO COLOUR
11.25.47 hrs __[0009588].mp4,NOT PLAX,NO COLOUR
11.26.05 hrs __[0009589].jpeg,CAN'T TELL,NO COLOUR
12.13.50 hrs __[0006031].mp4,PLAX,NO COLOUR
12.14.30 hrs __[0006032].jpeg,PLAX,NO COLOUR
12.16.35 hrs __[0006033].jpeg,PLAX,NO COLOUR
12.17.46 hrs __[0006034].jpeg,PLAX,NO COLOUR
12.18.05 hrs __[0006035].mp4,PLAX,COLOUR
12.18.27 hrs __[0006036].jpeg,PLAX,COLOUR
12.18.39 hrs __[0006037].mp4,PLAX,COLOUR
12.18.50 hrs __[0006038].mp4,NOT PLAX,NO COLOUR
12.19.02 hrs __[0006039].mp4,NOT PLAX,NO COLOUR
12.19.14 hrs __[0006040].mp4,NOT PLAX,COLOUR
12.19.34 hrs __[0006041].jpeg,PLAX,COLOUR
12.19.46 hrs __[0006042].mp4,NOT PLAX,NO COLOUR
12.19.58 hrs __[0006043].mp4,NOT PLAX,COLOUR
12.20.12 hrs __[0006044].mp4,NOT PLAX,COLOUR
12.20.36 hrs __[0006045].jpeg,DOPPLER,COLOUR
12.20.44 hrs __[0006046].mp4,NOT PLAX,NO COLOUR
12.20.55 hrs __[0006047].mp4,NOT PLAX,COLOUR
12.21.26 hrs __[0006048].jpeg,NOT PLAX,COLOUR
12.22.14 hrs __[0006049].mp4,NOT PLAX,NO COLOUR
12.23.58 hrs __[0006050].jpeg,NOT PLAX,NO COLOUR
12.24.24 hrs __[0006051].jpeg,NOT PLAX,NO COLOUR
12.24.42 hrs __[0006052].mp4,NOT PLAX,COLOUR
12.26.22 hrs __[0006053].jpeg,NOT PLAX,NO COLOUR
12.26.52 hrs __[0006054].jpeg,NOT PLAX,COLOUR
12.27.36 hrs __[0006055].jpeg,NOT PLAX,NO COLOUR
12.27.47 hrs __[0006056].mp4,NOT PLAX,COLOUR
12.28.31 hrs __[0006057].jpeg,NOT PLAX,COLOUR
12.28.46 hrs __[0006058].jpeg,NOT PLAX,NO COLOUR
12.29.01 hrs __[0006059].jpeg,NOT PLAX,NO COLOUR
12.29.07 hrs __[0006060].jpeg,NOT PLAX,NO COLOUR
12.29.16 hrs __[0006061].mp4,NOT PLAX,NO COLOUR
12.29.26 hrs __[0006062].mp4,NOT PLAX,COLOUR
12.29.49 hrs __[0006063].jpeg,NOT PLAX,COLOUR
12.29.53 hrs __[0006064].mp4,NOT PLAX,NO COLOUR
12.30.23 hrs __[0006065].mp4,NOT PLAX,NO COLOUR
12.30.32 hrs __[0006066].mp4,NOT PLAX,NO COLOUR
12.30.48 hrs __[0006067].jpeg,CAN'T TELL,NO COLOUR
12.49.33 hrs __[0009685].mp4,PLAX,NO COLOUR
12.50.02 hrs __[0009686].jpeg,PLAX,NO COLOUR
12.50.23 hrs __[0009687].jpeg,PLAX,NO COLOUR
12.50.45 hrs __[0009688].jpeg,PLAX,NO COLOUR
12.51.36 hrs __[0009689].jpeg,PLAX,NO COLOUR
12.51.54 hrs __[0009690].mp4,PLAX,NO COLOUR
12.52.08 hrs __[0009691].mp4,PLAX,NO COLOUR
12.52.26 hrs __[0009692].mp4,PLAX,NO COLOUR
12.52.38 hrs __[0009693].mp4,PLAX,NO COLOUR
12.53.14 hrs __[0009694].mp4,PLAX,NO COLOUR
12.53.29 hrs __[0009695].mp4,PLAX,NO COLOUR
12.53.45 hrs __[0009696].mp4,PLAX,NO COLOUR
12.53.56 hrs __[0009697].mp4,PLAX,NO COLOUR
12.54.10 hrs __[0009698].mp4,PLAX,NO COLOUR
12.54.32 hrs __[0009699].mp4,PLAX,NO COLOUR
12.54.43 hrs __[0009700].mp4,PLAX,NO COLOUR
12.54.55 hrs __[0009701].mp4,PLAX,NO COLOUR
12.55.14 hrs __[0009702].jpeg,NOT PLAX,COLOUR
12.56.37 hrs __[0009703].mp4,NOT PLAX,COLOUR
12.57.11 hrs __[0009704].jpeg,NOT PLAX,NO COLOUR
12.57.46 hrs __[0009705].mp4,NOT PLAX,NO COLOUR
12.57.56 hrs __[0009706].mp4,NOT PLAX,COLOUR
12.58.31 hrs __[0009707].jpeg,NOT PLAX,NO COLOUR
12.58.54 hrs __[0009708].jpeg,NOT PLAX,NO COLOUR
12.59.07 hrs __[0009709].mp4,NOT PLAX,COLOUR
12.59.50 hrs __[0009710].jpeg,NOT PLAX,NO COLOUR
13.00.03 hrs __[0009711].jpeg,NOT PLAX,NO COLOUR
13.00.11 hrs __[0009712].mp4,NOT PLAX,NO COLOUR
13.00.20 hrs __[0009713].mp4,NOT PLAX,COLOUR
13.00.39 hrs __[0009714].jpeg,NOT PLAX,COLOUR
13.00.45 hrs __[0009715].mp4,NOT PLAX,NO COLOUR
13.01.11 hrs __[0009716].mp4,NOT PLAX,NO COLOUR
13.01.26 hrs __[0009717].mp4,NOT PLAX,NO COLOUR
13.01.42 hrs __[0009718].jpeg,CAN'T TELL,NO COLOUR
Blue_11_image__0.jpeg,PLAX,NO COLOUR
Blue_11_image__1.jpeg,NOT PLAX,NO COLOUR
Blue_11_image__10.jpeg,NOT PLAX,COLOUR
Blue_11_image__100.jpeg,NOT PLAX,COLOUR
Blue_11_image__101.jpeg,PLAX,COLOUR
Blue_11_image__102.jpeg,NOT PLAX,COLOUR
Blue_11_image__103.jpeg,NOT PLAX,NO COLOUR
Blue_11_image__104.jpeg,NOT PLAX,NO COLOUR
Blue_11_image__105.jpeg,NOT PLAX,COLOUR
Blue_11_image__106.jpeg,NOT PLAX,COLOUR
Blue_11_image__107.jpeg,NOT PLAX,COLOUR
Blue_11_image__108.jpeg,NOT PLAX,COLOUR
Blue_11_image__109.jpeg,PLAX,NO COLOUR
Blue_11_image__11.jpeg,PLAX,NO COLOUR
Blue_11_image__110.jpeg,PLAX,NO COLOUR
Blue_11_image__111.jpeg,PLAX,COLOUR
Blue_11_image__112.jpeg,PLAX,COLOUR
Blue_11_image__113.jpeg,PLAX,COLOUR
Blue_11_image__114.jpeg,PLAX,COLOUR
Blue_11_image__115.jpeg,PLAX,COLOUR
Blue_11_image__116.jpeg,CAN'T TELL,NO COLOUR
Blue_11_image__117.jpeg,NOT PLAX,NO COLOUR
Blue_11_image__118.jpeg,NOT PLAX,NO COLOUR
Blue_11_image__119.jpeg,NOT PLAX,NO COLOUR
Blue_11_image__12.jpeg,NOT PLAX,COLOUR
Blue_11_image__120.jpeg,NOT PLAX,COLOUR
Blue_11_image__121.jpeg,NOT PLAX,COLOUR
Blue_11_image__122.jpeg,NOT PLAX,NO COLOUR
Blue_11_image__123.jpeg,PLAX,COLOUR
Blue_11_image__124.jpeg,NOT PLAX,NO COLOUR
Blue_11_image__125.jpeg,NOT PLAX,COLOUR
Blue_11_image__126.jpeg,NOT PLAX,COLOUR
Blue_11_image__127.jpeg,NOT PLAX,COLOUR
Blue_11_image__128.jpeg,NOT PLAX,COLOUR
Blue_11_image__129.jpeg,PLAX,NO COLOUR
Blue_11_image__13.jpeg,PLAX,NO COLOUR
Blue_11_image__130.jpeg,PLAX,NO COLOUR
Blue_11_image__131.jpeg,PLAX,COLOUR
Blue_11_image__132.jpeg,PLAX,COLOUR
Blue_11_image__133.jpeg,PLAX,COLOUR
Blue_11_image__134.jpeg,PLAX,COLOUR
Blue_11_image__135.jpeg,PLAX,COLOUR
Blue_11_image__136.jpeg,CAN'T TELL,NO COLOUR
Blue_11_image__137.jpeg,NOT PLAX,NO COLOUR
Blue_11_image__138.jpeg,NOT PLAX,NO COLOUR
Blue_11_image__139.jpeg,NOT PLAX,NO COLOUR
Blue_11_image__14.jpeg,PLAX,COLOUR
Blue_11_image__140.jpeg,NOT PLAX,COLOUR
Blue_11_image__141.jpeg,NOT PLAX,COLOUR
Blue_11_image__142.jpeg,NOT PLAX,NO COLOUR
Blue_11_image__143.jpeg,NOT PLAX,NO COLOUR
Blue_11_image__144.jpeg,NOT PLAX,COLOUR
Blue_11_image__145.jpeg,NOT PLAX,NO COLOUR
Blue_11_image__146.jpeg,NOT PLAX,COLOUR
Blue_11_image__147.jpeg,NOT PLAX,COLOUR
Blue_11_image__148.jpeg,NOT PLAX,COLOUR
Blue_11_image__149.jpeg,PLAX,NO COLOUR
Blue_11_image__15.jpeg,PLAX,COLOUR
Blue_11_image__150.jpeg,PLAX,NO COLOUR
Blue_11_image__151.jpeg,PLAX,COLOUR
Blue_11_image__152.jpeg,PLAX,COLOUR
Blue_11_image__153.jpeg,PLAX,COLOUR
Blue_11_image__154.jpeg,PLAX,COLOUR
Blue_11_image__155.jpeg,NOT PLAX,NO COLOUR
Blue_11_image__156.jpeg,PLAX,NO COLOUR
Blue_11_image__157.jpeg,NOT PLAX,NO COLOUR
Blue_11_image__158.jpeg,NOT PLAX,NO COLOUR
Blue_11_image__159.jpeg,NOT PLAX,NO COLOUR
Blue_11_image__16.jpeg,PLAX,COLOUR
Blue_11_image__160.jpeg,NOT PLAX,COLOUR
Blue_11_image__161.jpeg,NOT PLAX,COLOUR
Blue_11_image__162.jpeg,NOT PLAX,NO COLOUR
Blue_11_image__163.jpeg,NOT PLAX,NO COLOUR
Blue_11_image__164.jpeg,NOT PLAX,COLOUR
Blue_11_image__165.jpeg,NOT PLAX,COLOUR
Blue_11_image__166.jpeg,NOT PLAX,COLOUR
Blue_11_image__167.jpeg,NOT PLAX,NO COLOUR
Blue_11_image__168.jpeg,NOT PLAX,COLOUR
Blue_11_image__169.jpeg,PLAX,NO COLOUR
Blue_11_image__17.jpeg,PLAX,COLOUR
Blue_11_image__170.jpeg,PLAX,NO COLOUR
Blue_11_image__171.jpeg,PLAX,COLOUR
Blue_11_image__172.jpeg,PLAX,COLOUR
Blue_11_image__173.jpeg,PLAX,COLOUR
Blue_11_image__174.jpeg,PLAX,COLOUR
Blue_11_image__175.jpeg,CAN'T TELL,NO COLOUR
Blue_11_image__176.jpeg,NOT PLAX,NO COLOUR
Blue_11_image__177.jpeg,NOT PLAX,NO COLOUR
Blue_11_image__18.jpeg,NOT PLAX,NO COLOUR
Blue_11_image__19.jpeg,CAN'T TELL,NO COLOUR
Blue_11_image__2.jpeg,NOT PLAX,NO COLOUR
Blue_11_image__20.jpeg,NOT PLAX,NO COLOUR
Blue_11_image__21.jpeg,NOT PLAX,NO COLOUR
Blue_11_image__22.jpeg,NOT PLAX,COLOUR
Blue_11_image__23.jpeg,NOT PLAX,COLOUR
Blue_11_image__24.jpeg,NOT PLAX,COLOUR
Blue_11_image__25.jpeg,NOT PLAX,NO COLOUR
Blue_11_image__26.jpeg,NOT PLAX,NO COLOUR
Blue_11_image__27.jpeg,NOT PLAX,COLOUR
Blue_11_image__28.jpeg,NOT PLAX,COLOUR
Blue_11_image__29.jpeg,NOT PLAX,COLOUR
Blue_11_image__3.jpeg,NOT PLAX,COLOUR
Blue_11_image__30.jpeg,NOT PLAX,COLOUR
Blue_11_image__31.jpeg,PLAX,NO COLOUR
Blue_11_image__32.jpeg,PLAX,NO COLOUR
Blue_11_image__33.jpeg,PLAX,COLOUR
Blue_11_image__34.jpeg,NOT PLAX,NO COLOUR
Blue_11_image__35.jpeg,PLAX,COLOUR
Blue_11_image__36.jpeg,PLAX,COLOUR
Blue_11_image__37.jpeg,PLAX,COLOUR
Blue_11_image__38.jpeg,NOT PLAX,NO COLOUR
Blue_11_image__39.jpeg,CAN'T TELL,NO COLOUR
Blue_11_image__4.jpeg,NOT PLAX,COLOUR
Blue_11_image__40.jpeg,NOT PLAX,NO COLOUR
Blue_11_image__41.jpeg,NOT PLAX,NO COLOUR
Blue_11_image__42.jpeg,NOT PLAX,COLOUR
Blue_11_image__43.jpeg,NOT PLAX,COLOUR
Blue_11_image__44.jpeg,NOT PLAX,NO COLOUR
Blue_11_image__45.jpeg,NOT PLAX,NO COLOUR
Blue_11_image__46.jpeg,NOT PLAX,COLOUR
Blue_11_image__47.jpeg,NOT PLAX,COLOUR
Blue_11_image__48.jpeg,PLAX,NO COLOUR
Blue_11_image__49.jpeg,PLAX,NO COLOUR
Blue_11_image__5.jpeg,NOT PLAX,NO COLOUR
Blue_11_image__50.jpeg,PLAX,COLOUR
Blue_11_image__51.jpeg,PLAX,COLOUR
Blue_11_image__52.jpeg,PLAX,COLOUR
Blue_11_image__53.jpeg,PLAX,COLOUR
Blue_11_image__54.jpeg,NOT PLAX,NO COLOUR
Blue_11_image__55.jpeg,NOT PLAX,NO COLOUR
Blue_11_image__56.jpeg,NOT PLAX,COLOUR
Blue_11_image__57.jpeg,NOT PLAX,NO COLOUR
Blue_11_image__58.jpeg,NOT PLAX,NO COLOUR
Blue_11_image__59.jpeg,NOT PLAX,COLOUR
Blue_11_image__6.jpeg,NOT PLAX,NO COLOUR
Blue_11_image__60.jpeg,NOT PLAX,COLOUR
Blue_11_image__61.jpeg,NOT PLAX,NO COLOUR
Blue_11_image__62.jpeg,NOT PLAX,NO COLOUR
Blue_11_image__63.jpeg,NOT PLAX,COLOUR
Blue_11_image__64.jpeg,NOT PLAX,COLOUR
Blue_11_image__65.jpeg,NOT PLAX,COLOUR
Blue_11_image__66.jpeg,NOT PLAX,COLOUR
Blue_11_image__67.jpeg,NOT PLAX,COLOUR
Blue_11_image__68.jpeg,NOT PLAX,COLOUR
Blue_11_image__69.jpeg,PLAX,NO COLOUR
Blue_11_image__7.jpeg,NOT PLAX,COLOUR
Blue_11_image__70.jpeg,PLAX,NO COLOUR
Blue_11_image__71.jpeg,PLAX,COLOUR
Blue_11_image__72.jpeg,PLAX,COLOUR
Blue_11_image__73.jpeg,PLAX,COLOUR
Blue_11_image__74.jpeg,PLAX,COLOUR
Blue_11_image__75.jpeg,CAN'T TELL,NO COLOUR
Blue_11_image__76.jpeg,NOT PLAX,NO COLOUR
Blue_11_image__77.jpeg,NOT PLAX,NO COLOUR
Blue_11_image__78.jpeg,NOT PLAX,COLOUR
Blue_11_image__79.jpeg,NOT PLAX,NO COLOUR
Blue_11_image__8.jpeg,NOT PLAX,COLOUR
Blue_11_image__80.jpeg,NOT PLAX,COLOUR
Blue_11_image__81.jpeg,NOT PLAX,COLOUR
Blue_11_image__82.jpeg,NOT PLAX,NO COLOUR
Blue_11_image__83.jpeg,NOT PLAX,NO COLOUR
Blue_11_image__84.jpeg,NOT PLAX,COLOUR
Blue_11_image__85.jpeg,NOT PLAX,COLOUR
Blue_11_image__86.jpeg,NOT PLAX,COLOUR
Blue_11_image__87.jpeg,NOT PLAX,COLOUR
Blue_11_image__88.jpeg,NOT PLAX,COLOUR
Blue_11_image__89.jpeg,PLAX,NO COLOUR
Blue_11_image__9.jpeg,NOT PLAX,COLOUR
Blue_11_image__90.jpeg,PLAX,NO COLOUR
Blue_11_image__91.jpeg,PLAX,NO COLOUR
Blue_11_image__92.jpeg,PLAX,COLOUR
Blue_11_image__93.jpeg,PLAX,COLOUR
Blue_11_image__94.jpeg,PLAX,COLOUR
Blue_11_image__95.jpeg,PLAX,COLOUR
Blue_11_image__96.jpeg,CAN'T TELL,NO COLOUR
Blue_11_image__97.jpeg,PLAX,NO COLOUR
Blue_11_image__98.jpeg,NOT PLAX,NO COLOUR
Blue_11_image__99.jpeg,NOT PLAX,NO COLOUR
Blue_11_video__0.mp4,PLAX,NO COLOUR
Blue_11_video__1.mp4,NOT PLAX,NO COLOUR
Blue_11_video__10.mp4,NOT PLAX,COLOUR
Blue_11_video__100.mp4,NOT PLAX,COLOUR
Blue_11_video__101.mp4,NOT PLAX,COLOUR
Blue_11_video__102.mp4,PLAX,NO COLOUR
Blue_11_video__103.mp4,PLAX,COLOUR
Blue_11_video__104.mp4,PLAX,NO COLOUR
Blue_11_video__105.mp4,PLAX,COLOUR
Blue_11_video__106.mp4,PLAX,COLOUR
Blue_11_video__107.mp4,PLAX,COLOUR
Blue_11_video__108.mp4,PLAX,COLOUR
Blue_11_video__109.mp4,NOT PLAX,NO COLOUR
Blue_11_video__11.mp4,NOT PLAX,NO COLOUR
Blue_11_video__110.mp4,NOT PLAX,NO COLOUR
Blue_11_video__111.mp4,NOT PLAX,NO COLOUR
Blue_11_video__112.mp4,NOT PLAX,NO COLOUR
Blue_11_video__113.mp4,NOT PLAX,COLOUR
Blue_11_video__114.mp4,PLAX,COLOUR
Blue_11_video__115.mp4,NOT PLAX,COLOUR
Blue_11_video__116.mp4,NOT PLAX,NO COLOUR
Blue_11_video__117.mp4,NOT PLAX,NO COLOUR
Blue_11_video__118.mp4,NOT PLAX,COLOUR
Blue_11_video__119.mp4,NOT PLAX,COLOUR
Blue_11_video__12.mp4,NOT PLAX,COLOUR
Blue_11_video__120.mp4,PLAX,NO COLOUR
Blue_11_video__121.mp4,PLAX,NO COLOUR
Blue_11_video__122.mp4,PLAX,COLOUR
Blue_11_video__123.mp4,PLAX,COLOUR
Blue_11_video__124.mp4,PLAX,COLOUR
Blue_11_video__125.mp4,NOT PLAX,NO COLOUR
Blue_11_video__126.mp4,PLAX,COLOUR
Blue_11_video__127.mp4,NOT PLAX,NO COLOUR
Blue_11_video__128.mp4,NOT PLAX,NO COLOUR
Blue_11_video__129.mp4,NOT PLAX,NO COLOUR
Blue_11_video__13.mp4,NOT PLAX,NO COLOUR
Blue_11_video__130.mp4,NOT PLAX,NO COLOUR
Blue_11_video__131.mp4,NOT PLAX,COLOUR
Blue_11_video__132.mp4,NOT PLAX,COLOUR
Blue_11_video__133.mp4,NOT PLAX,NO COLOUR
Blue_11_video__134.mp4,NOT PLAX,NO COLOUR
Blue_11_video__135.mp4,NOT PLAX,COLOUR
Blue_11_video__136.mp4,NOT PLAX,NO COLOUR
Blue_11_video__137.mp4,NOT PLAX,COLOUR
Blue_11_video__138.mp4,PLAX,NO COLOUR
Blue_11_video__139.mp4,PLAX,NO COLOUR
Blue_11_video__14.mp4,NOT PLAX,COLOUR
Blue_11_video__140.mp4,PLAX,COLOUR
Blue_11_video__141.mp4,PLAX,COLOUR
Blue_11_video__142.mp4,PLAX,COLOUR
Blue_11_video__143.mp4,PLAX,COLOUR
Blue_11_video__144.mp4,NOT PLAX,NO COLOUR
Blue_11_video__145.mp4,NOT PLAX,NO COLOUR
Blue_11_video__146.mp4,NOT PLAX,NO COLOUR
Blue_11_video__147.mp4,NOT PLAX,NO COLOUR
Blue_11_video__148.mp4,NOT PLAX,NO COLOUR
Blue_11_video__149.mp4,NOT PLAX,COLOUR
Blue_11_video__15.mp4,NOT PLAX,COLOUR
Blue_11_video__150.mp4,NOT PLAX,COLOUR
Blue_11_video__151.mp4,NOT PLAX,NO COLOUR
Blue_11_video__152.mp4,NOT PLAX,NO COLOUR
Blue_11_video__153.mp4,NOT PLAX,COLOUR
Blue_11_video__154.mp4,NOT PLAX,COLOUR
Blue_11_video__155.mp4,PLAX,NO COLOUR
Blue_11_video__156.mp4,NOT PLAX,NO COLOUR
Blue_11_video__157.mp4,PLAX,COLOUR
Blue_11_video__16.mp4,PLAX,NO COLOUR
Blue_11_video__17.mp4,PLAX,NO COLOUR
Blue_11_video__18.mp4,PLAX,COLOUR
Blue_11_video__19.mp4,PLAX,COLOUR
Blue_11_video__2.mp4,PLAX,COLOUR
Blue_11_video__20.mp4,PLAX,COLOUR
Blue_11_video__21.mp4,PLAX,COLOUR
Blue_11_video__22.mp4,NOT PLAX,NO COLOUR
Blue_11_video__23.mp4,NOT PLAX,COLOUR
Blue_11_video__24.mp4,NOT PLAX,NO COLOUR
Blue_11_video__25.mp4,NOT PLAX,NO COLOUR
Blue_11_video__26.mp4,NOT PLAX,NO COLOUR
Blue_11_video__27.mp4,NOT PLAX,COLOUR
Blue_11_video__28.mp4,NOT PLAX,COLOUR
Blue_11_video__29.mp4,NOT PLAX,NO COLOUR
Blue_11_video__3.mp4,PLAX,COLOUR
Blue_11_video__30.mp4,NOT PLAX,COLOUR
Blue_11_video__31.mp4,PLAX,NO COLOUR
Blue_11_video__32.mp4,PLAX,NO COLOUR
Blue_11_video__33.mp4,PLAX,COLOUR
Blue_11_video__34.mp4,NOT PLAX,NO COLOUR
Blue_11_video__35.mp4,PLAX,COLOUR
Blue_11_video__36.mp4,PLAX,COLOUR
Blue_11_video__37.mp4,PLAX,COLOUR
Blue_11_video__38.mp4,NOT PLAX,NO COLOUR
Blue_11_video__39.mp4,NOT PLAX,NO COLOUR
Blue_11_video__4.mp4,PLAX,COLOUR
Blue_11_video__40.mp4,NOT PLAX,NO COLOUR
Blue_11_video__41.mp4,NOT PLAX,NO COLOUR
Blue_11_video__42.mp4,NOT PLAX,COLOUR
Blue_11_video__43.mp4,NOT PLAX,COLOUR
Blue_11_video__44.mp4,NOT PLAX,NO COLOUR
Blue_11_video__45.mp4,NOT PLAX,NO COLOUR
Blue_11_video__46.mp4,NOT PLAX,NO COLOUR
Blue_11_video__47.mp4,NOT PLAX,COLOUR
Blue_11_video__48.mp4,NOT PLAX,COLOUR
Blue_11_video__49.mp4,PLAX,NO COLOUR
Blue_11_video__5.mp4,NOT PLAX,NO COLOUR
Blue_11_video__50.mp4,PLAX,NO COLOUR
Blue_11_video__51.mp4,PLAX,COLOUR
Blue_11_video__52.mp4,PLAX,COLOUR
Blue_11_video__53.mp4,PLAX,COLOUR
Blue_11_video__54.mp4,PLAX,COLOUR
Blue_11_video__55.mp4,NOT PLAX,NO COLOUR
Blue_11_video__56.mp4,NOT PLAX,COLOUR
Blue_11_video__57.mp4,NOT PLAX,NO COLOUR
Blue_11_video__58.mp4,NOT PLAX,NO COLOUR
Blue_11_video__59.mp4,NOT PLAX,NO COLOUR
Blue_11_video__6.mp4,CAN'T TELL,NO COLOUR
Blue_11_video__60.mp4,NOT PLAX,COLOUR
Blue_11_video__61.mp4,NOT PLAX,COLOUR
Blue_11_video__62.mp4,NOT PLAX,NO COLOUR
Blue_11_video__63.mp4,NOT PLAX,NO COLOUR
Blue_11_video__64.mp4,NOT PLAX,COLOUR
Blue_11_video__65.mp4,NOT PLAX,COLOUR
Blue_11_video__66.mp4,NOT PLAX,COLOUR
Blue_11_video__67.mp4,PLAX,COLOUR
Blue_11_video__68.mp4,PLAX,NO COLOUR
Blue_11_video__69.mp4,PLAX,COLOUR
Blue_11_video__7.mp4,NOT PLAX,NO COLOUR
Blue_11_video__70.mp4,PLAX,NO COLOUR
Blue_11_video__71.mp4,PLAX,COLOUR
Blue_11_video__72.mp4,PLAX,COLOUR
Blue_11_video__73.mp4,PLAX,COLOUR
Blue_11_video__74.mp4,NOT PLAX,NO COLOUR
Blue_11_video__75.mp4,NOT PLAX,NO COLOUR
Blue_11_video__76.mp4,NOT PLAX,NO COLOUR
Blue_11_video__77.mp4,NOT PLAX,NO COLOUR
Blue_11_video__78.mp4,NOT PLAX,COLOUR
Blue_11_video__79.mp4,NOT PLAX,COLOUR
Blue_11_video__8.mp4,NOT PLAX,NO COLOUR
Blue_11_video__80.mp4,NOT PLAX,NO COLOUR
Blue_11_video__81.mp4,PLAX,COLOUR
Blue_11_video__82.mp4,NOT PLAX,NO COLOUR
Blue_11_video__83.mp4,NOT PLAX,COLOUR
Blue_11_video__84.mp4,NOT PLAX,COLOUR
Blue_11_video__85.mp4,PLAX,NO COLOUR
Blue_11_video__86.mp4,PLAX,NO COLOUR
Blue_11_video__87.mp4,PLAX,COLOUR
Blue_11_video__88.mp4,PLAX,COLOUR
Blue_11_video__89.mp4,PLAX,COLOUR
Blue_11_video__9.mp4,NOT PLAX,COLOUR
Blue_11_video__90.mp4,PLAX,COLOUR
Blue_11_video__91.mp4,NOT PLAX,NO COLOUR
Blue_11_video__92.mp4,PLAX,COLOUR
Blue_11_video__93.mp4,NOT PLAX,NO COLOUR
Blue_11_video__94.mp4,NOT PLAX,NO COLOUR
Blue_11_video__95.mp4,NOT PLAX,NO COLOUR
Blue_11_video__96.mp4,NOT PLAX,COLOUR
Blue_11_video__97.mp4,NOT PLAX,COLOUR
Blue_11_video__98.mp4,NOT PLAX,NO COLOUR
Blue_11_video__99.mp4,NOT PLAX,NO COLOUR
Blue_1_image__0.jpeg,PLAX,NO COLOUR
Blue_1_image__1.jpeg,NOT PLAX,COLOUR
Blue_1_image__10.jpeg,PLAX,COLOUR
Blue_1_image__100.jpeg,NOT PLAX,COLOUR
Blue_1_image__101.jpeg,NOT PLAX,NO COLOUR
Blue_1_image__102.jpeg,NOT PLAX,NO COLOUR
Blue_1_image__103.jpeg,NOT PLAX,NO COLOUR
Blue_1_image__104.jpeg,PLAX,COLOUR
Blue_1_image__105.jpeg,NOT PLAX,COLOUR
Blue_1_image__106.jpeg,NOT PLAX,COLOUR
Blue_1_image__107.jpeg,NOT PLAX,COLOUR
Blue_1_image__108.jpeg,NOT PLAX,COLOUR
Blue_1_image__109.jpeg,PLAX,COLOUR
Blue_1_image__11.jpeg,NOT PLAX,NO COLOUR
Blue_1_image__110.jpeg,PLAX,NO COLOUR
Blue_1_image__111.jpeg,PLAX,NO COLOUR
Blue_1_image__112.jpeg,PLAX,COLOUR
Blue_1_image__113.jpeg,PLAX,COLOUR
Blue_1_image__114.jpeg,NOT PLAX,COLOUR
Blue_1_image__115.jpeg,PLAX,COLOUR
Blue_1_image__116.jpeg,PLAX,COLOUR
Blue_1_image__117.jpeg,NOT PLAX,NO COLOUR
Blue_1_image__118.jpeg,NOT PLAX,NO COLOUR
Blue_1_image__119.jpeg,NOT PLAX,NO COLOUR
Blue_1_image__12.jpeg,PLAX,COLOUR
Blue_1_image__120.jpeg,NOT PLAX,NO COLOUR
Blue_1_image__121.jpeg,PLAX,COLOUR
Blue_1_image__122.jpeg,NOT PLAX,NO COLOUR
Blue_1_image__123.jpeg,NOT PLAX,COLOUR
Blue_1_image__124.jpeg,NOT PLAX,COLOUR
Blue_1_image__125.jpeg,NOT PLAX,COLOUR
Blue_1_image__126.jpeg,NOT PLAX,NO COLOUR
Blue_1_image__127.jpeg,CAN'T TELL,COLOUR
Blue_1_image__128.jpeg,NOT PLAX,COLOUR
Blue_1_image__129.jpeg,NOT PLAX,COLOUR
Blue_1_image__13.jpeg,NOT PLAX,COLOUR
Blue_1_image__130.jpeg,NOT PLAX,NO COLOUR
Blue_1_image__131.jpeg,NOT PLAX,COLOUR
Blue_1_image__132.jpeg,PLAX,NO COLOUR
Blue_1_image__133.jpeg,CAN'T TELL,COLOUR
Blue_1_image__134.jpeg,PLAX,NO COLOUR
Blue_1_image__135.jpeg,PLAX,NO COLOUR
Blue_1_image__136.jpeg,PLAX,COLOUR
Blue_1_image__137.jpeg,PLAX,COLOUR
Blue_1_image__138.jpeg,PLAX,COLOUR
Blue_1_image__139.jpeg,PLAX,COLOUR
Blue_1_image__14.jpeg,PLAX,COLOUR
Blue_1_image__140.jpeg,NOT PLAX,NO COLOUR
Blue_1_image__141.jpeg,CAN'T TELL,NO COLOUR
Blue_1_image__142.jpeg,NOT PLAX,NO COLOUR
Blue_1_image__143.jpeg,NOT PLAX,NO COLOUR
Blue_1_image__144.jpeg,NOT PLAX,NO COLOUR
Blue_1_image__145.jpeg,NOT PLAX,NO COLOUR
Blue_1_image__146.jpeg,NOT PLAX,COLOUR
Blue_1_image__147.jpeg,NOT PLAX,NO COLOUR
Blue_1_image__148.jpeg,NOT PLAX,COLOUR
Blue_1_image__149.jpeg,NOT PLAX,NO COLOUR
Blue_1_image__15.jpeg,PLAX,NO COLOUR
Blue_1_image__150.jpeg,NOT PLAX,NO COLOUR
Blue_1_image__151.jpeg,NOT PLAX,NO COLOUR
Blue_1_image__152.jpeg,NOT PLAX,COLOUR
Blue_1_image__153.jpeg,NOT PLAX,COLOUR
Blue_1_image__154.jpeg,NOT PLAX,COLOUR
Blue_1_image__155.jpeg,PLAX,NO COLOUR
Blue_1_image__156.jpeg,NOT PLAX,NO COLOUR
Blue_1_image__157.jpeg,NOT PLAX,NO COLOUR
Blue_1_image__158.jpeg,NOT PLAX,NO COLOUR
Blue_1_image__159.jpeg,CAN'T TELL,NO COLOUR
Blue_1_image__16.jpeg,NOT PLAX,NO COLOUR
Blue_1_image__160.jpeg,PLAX,COLOUR
Blue_1_image__161.jpeg,PLAX,COLOUR
Blue_1_image__162.jpeg,PLAX,COLOUR
Blue_1_image__163.jpeg,CAN'T TELL,COLOUR
Blue_1_image__164.jpeg,NOT PLAX,NO COLOUR
Blue_1_image__165.jpeg,CAN'T TELL,NO COLOUR
Blue_1_image__166.jpeg,NOT PLAX,NO COLOUR
Blue_1_image__167.jpeg,NOT PLAX,NO COLOUR
Blue_1_image__168.jpeg,NOT PLAX,COLOUR
Blue_1_image__169.jpeg,NOT PLAX,COLOUR
Blue_1_image__17.jpeg,NOT PLAX,NO COLOUR
Blue_1_image__170.jpeg,NOT PLAX,NO COLOUR
Blue_1_image__171.jpeg,CAN'T TELL,NO COLOUR
Blue_1_image__172.jpeg,NOT PLAX,COLOUR
Blue_1_image__173.jpeg,NOT PLAX,COLOUR
Blue_1_image__174.jpeg,NOT PLAX,COLOUR
Blue_1_image__175.jpeg,NOT PLAX,NO COLOUR
Blue_1_image__176.jpeg,NOT PLAX,NO COLOUR
Blue_1_image__177.jpeg,CAN'T TELL,NO COLOUR
Blue_1_image__178.jpeg,NOT PLAX,COLOUR
Blue_1_image__179.jpeg,NOT PLAX,COLOUR
Blue_1_image__18.jpeg,NOT PLAX,NO COLOUR
Blue_1_image__19.jpeg,NOT PLAX,COLOUR
Blue_1_image__2.jpeg,NOT PLAX,COLOUR
Blue_1_image__20.jpeg,NOT PLAX,COLOUR
Blue_1_image__21.jpeg,NOT PLAX,NO COLOUR
Blue_1_image__22.jpeg,NOT PLAX,NO COLOUR
Blue_1_image__23.jpeg,NOT PLAX,COLOUR
Blue_1_image__24.jpeg,NOT PLAX,COLOUR
Blue_1_image__25.jpeg,NOT PLAX,COLOUR
Blue_1_image__26.jpeg,NOT PLAX,COLOUR
Blue_1_image__27.jpeg,NOT PLAX,NO COLOUR
Blue_1_image__28.jpeg,NOT PLAX,COLOUR
Blue_1_image__29.jpeg,NOT PLAX,COLOUR
Blue_1_image__3.jpeg,CAN'T TELL,COLOUR
Blue_1_image__30.jpeg,NOT PLAX,COLOUR
Blue_1_image__31.jpeg,PLAX,NO COLOUR
Blue_1_image__32.jpeg,PLAX,NO COLOUR
Blue_1_image__33.jpeg,PLAX,COLOUR
Blue_1_image__34.jpeg,PLAX,COLOUR
Blue_1_image__35.jpeg,PLAX,COLOUR
Blue_1_image__36.jpeg,PLAX,COLOUR
Blue_1_image__37.jpeg,PLAX,COLOUR
Blue_1_image__38.jpeg,NOT PLAX,COLOUR
Blue_1_image__39.jpeg,NOT PLAX,NO COLOUR
Blue_1_image__4.jpeg,CAN'T TELL,NO COLOUR
Blue_1_image__40.jpeg,CAN'T TELL,NO COLOUR
Blue_1_image__41.jpeg,NOT PLAX,NO COLOUR
Blue_1_image__42.jpeg,CAN'T TELL,COLOUR
Blue_1_image__43.jpeg,NOT PLAX,NO COLOUR
Blue_1_image__44.jpeg,NOT PLAX,NO COLOUR
Blue_1_image__45.jpeg,NOT PLAX,COLOUR
Blue_1_image__46.jpeg,PLAX,NO COLOUR
Blue_1_image__47.jpeg,NOT PLAX,NO COLOUR
Blue_1_image__48.jpeg,NOT PLAX,NO COLOUR
Blue_1_image__49.jpeg,NOT PLAX,COLOUR
Blue_1_image__5.jpeg,NOT PLAX,COLOUR
Blue_1_image__50.jpeg,NOT PLAX,COLOUR
Blue_1_image__51.jpeg,NOT PLAX,COLOUR
Blue_1_image__52.jpeg,NOT PLAX,COLOUR
Blue_1_image__53.jpeg,NOT PLAX,COLOUR
Blue_1_image__54.jpeg,NOT PLAX,COLOUR
Blue_1_image__55.jpeg,PLAX,NO COLOUR
Blue_1_image__56.jpeg,PLAX,NO COLOUR
Blue_1_image__57.jpeg,PLAX,NO COLOUR
Blue_1_image__58.jpeg,PLAX,COLOUR
Blue_1_image__59.jpeg,PLAX,COLOUR
Blue_1_image__6.jpeg,NOT PLAX,NO COLOUR
Blue_1_image__60.jpeg,PLAX,COLOUR
Blue_1_image__61.jpeg,PLAX,COLOUR
Blue_1_image__62.jpeg,NOT PLAX,NO COLOUR
Blue_1_image__63.jpeg,PLAX,NO COLOUR
Blue_1_image__64.jpeg,NOT PLAX,COLOUR
Blue_1_image__65.jpeg,NOT PLAX,NO COLOUR
Blue_1_image__66.jpeg,CAN'T TELL,NO COLOUR
Blue_1_image__67.jpeg,NOT PLAX,NO COLOUR
Blue_1_image__68.jpeg,PLAX,COLOUR
Blue_1_image__69.jpeg,NOT PLAX,COLOUR
Blue_1_image__7.jpeg,PLAX,NO COLOUR
Blue_1_image__70.jpeg,NOT PLAX,COLOUR
Blue_1_image__71.jpeg,NOT PLAX,NO COLOUR
Blue_1_image__72.jpeg,NOT PLAX,NO COLOUR
Blue_1_image__73.jpeg,NOT PLAX,COLOUR
Blue_1_image__74.jpeg,NOT PLAX,COLOUR
Blue_1_image__75.jpeg,NOT PLAX,NO COLOUR
Blue_1_image__76.jpeg,NOT PLAX,COLOUR
Blue_1_image__77.jpeg,PLAX,NO COLOUR
Blue_1_image__78.jpeg,PLAX,NO COLOUR
Blue_1_image__79.jpeg,PLAX,COLOUR
Blue_1_image__8.jpeg,PLAX,NO COLOUR
Blue_1_image__80.jpeg,NOT PLAX,COLOUR
Blue_1_image__81.jpeg,PLAX,NO COLOUR
Blue_1_image__82.jpeg,PLAX,NO COLOUR
Blue_1_image__83.jpeg,PLAX,COLOUR
Blue_1_image__84.jpeg,PLAX,COLOUR
Blue_1_image__85.jpeg,PLAX,COLOUR
Blue_1_image__86.jpeg,PLAX,COLOUR
Blue_1_image__87.jpeg,CAN'T TELL,NO COLOUR
Blue_1_image__88.jpeg,PLAX,NO COLOUR
Blue_1_image__89.jpeg,NOT PLAX,NO COLOUR
Blue_1_image__9.jpeg,PLAX,COLOUR
Blue_1_image__90.jpeg,PLAX,COLOUR
Blue_1_image__91.jpeg,PLAX,COLOUR
Blue_1_image__92.jpeg,PLAX,NO COLOUR
Blue_1_image__93.jpeg,PLAX,COLOUR
Blue_1_image__94.jpeg,NOT PLAX,NO COLOUR
Blue_1_image__95.jpeg,CAN'T TELL,NO COLOUR
Blue_1_image__96.jpeg,NOT PLAX,NO COLOUR
Blue_1_image__97.jpeg,NOT PLAX,COLOUR
Blue_1_image__98.jpeg,NOT PLAX,NO COLOUR
Blue_1_image__99.jpeg,NOT PLAX,COLOUR
Blue_1_video__0.mp4,PLAX,NO COLOUR
Blue_1_video__1.mp4,NOT PLAX,NO COLOUR
Blue_1_video__10.mp4,PLAX,COLOUR
Blue_1_video__100.mp4,PLAX,COLOUR
Blue_1_video__101.mp4,PLAX,COLOUR
Blue_1_video__102.mp4,PLAX,COLOUR
Blue_1_video__103.mp4,PLAX,NO COLOUR
Blue_1_video__104.mp4,NOT PLAX,NO COLOUR
Blue_1_video__105.mp4,NOT PLAX,NO COLOUR
Blue_1_video__106.mp4,NOT PLAX,NO COLOUR
Blue_1_video__107.mp4,NOT PLAX,NO COLOUR
Blue_1_video__108.mp4,NOT PLAX,NO COLOUR
Blue_1_video__109.mp4,NOT PLAX,COLOUR
Blue_1_video__11.mp4,PLAX,COLOUR
Blue_1_video__110.mp4,NOT PLAX,COLOUR
Blue_1_video__111.mp4,PLAX,NO COLOUR
Blue_1_video__112.mp4,PLAX,NO COLOUR
Blue_1_video__113.mp4,NOT PLAX,NO COLOUR
Blue_1_video__114.mp4,PLAX,COLOUR
Blue_1_video__115.mp4,NOT PLAX,COLOUR
Blue_1_video__116.mp4,NOT PLAX,COLOUR
Blue_1_video__117.mp4,PLAX,NO COLOUR
Blue_1_video__118.mp4,PLAX,NO COLOUR
Blue_1_video__119.mp4,PLAX,COLOUR
Blue_1_video__12.mp4,NOT PLAX,NO COLOUR
Blue_1_video__120.mp4,PLAX,COLOUR
Blue_1_video__121.mp4,PLAX,NO COLOUR
Blue_1_video__122.mp4,PLAX,NO COLOUR
Blue_1_video__123.mp4,PLAX,COLOUR
Blue_1_video__124.mp4,PLAX,COLOUR
Blue_1_video__125.mp4,PLAX,NO COLOUR
Blue_1_video__126.mp4,PLAX,COLOUR
Blue_1_video__127.mp4,PLAX,COLOUR
Blue_1_video__128.mp4,NOT PLAX,NO COLOUR
Blue_1_video__129.mp4,NOT PLAX,NO COLOUR
Blue_1_video__13.mp4,PLAX,COLOUR
Blue_1_video__130.mp4,NOT PLAX,COLOUR
Blue_1_video__131.mp4,NOT PLAX,NO COLOUR
Blue_1_video__132.mp4,NOT PLAX,COLOUR
Blue_1_video__133.mp4,NOT PLAX,COLOUR
Blue_1_video__134.mp4,NOT PLAX,NO COLOUR
Blue_1_video__135.mp4,NOT PLAX,NO COLOUR
Blue_1_video__136.mp4,PLAX,COLOUR
Blue_1_video__137.mp4,NOT PLAX,COLOUR
Blue_1_video__138.mp4,PLAX,COLOUR
Blue_1_video__139.mp4,NOT PLAX,COLOUR
Blue_1_video__14.mp4,NOT PLAX,COLOUR
Blue_1_video__140.mp4,PLAX,NO COLOUR
Blue_1_video__141.mp4,PLAX,NO COLOUR
Blue_1_video__142.mp4,PLAX,COLOUR
Blue_1_video__143.mp4,NOT PLAX,NO COLOUR
Blue_1_video__144.mp4,PLAX,COLOUR
Blue_1_video__145.mp4,PLAX,COLOUR
Blue_1_video__146.mp4,PLAX,COLOUR
Blue_1_video__147.mp4,PLAX,COLOUR
Blue_1_video__148.mp4,NOT PLAX,NO COLOUR
Blue_1_video__149.mp4,NOT PLAX,NO COLOUR
Blue_1_video__15.mp4,NOT PLAX,NO COLOUR
Blue_1_video__150.mp4,NOT PLAX,NO COLOUR
Blue_1_video__151.mp4,NOT PLAX,NO COLOUR
Blue_1_video__152.mp4,NOT PLAX,NO COLOUR
Blue_1_video__153.mp4,NOT PLAX,COLOUR
Blue_1_video__154.mp4,NOT PLAX,COLOUR
Blue_1_video__155.mp4,NOT PLAX,NO COLOUR
Blue_1_video__156.mp4,NOT PLAX,NO COLOUR
Blue_1_video__157.mp4,NOT PLAX,NO COLOUR
Blue_1_video__16.mp4,NOT PLAX,NO COLOUR
Blue_1_video__17.mp4,NOT PLAX,NO COLOUR
Blue_1_video__18.mp4,NOT PLAX,NO COLOUR
Blue_1_video__19.mp4,NOT PLAX,COLOUR
Blue_1_video__2.mp4,PLAX,COLOUR
Blue_1_video__20.mp4,NOT PLAX,COLOUR
Blue_1_video__21.mp4,NOT PLAX,NO COLOUR
Blue_1_video__22.mp4,NOT PLAX,NO COLOUR
Blue_1_video__23.mp4,NOT PLAX,COLOUR
Blue_1_video__24.mp4,NOT PLAX,NO COLOUR
Blue_1_video__25.mp4,NOT PLAX,COLOUR
Blue_1_video__26.mp4,NOT PLAX,COLOUR
Blue_1_video__27.mp4,PLAX,NO COLOUR
Blue_1_video__28.mp4,PLAX,NO COLOUR
Blue_1_video__29.mp4,PLAX,COLOUR
Blue_1_video__3.mp4,NOT PLAX,COLOUR
Blue_1_video__30.mp4,NOT PLAX,NO COLOUR
Blue_1_video__31.mp4,PLAX,NO COLOUR
Blue_1_video__32.mp4,PLAX,COLOUR
Blue_1_video__33.mp4,PLAX,COLOUR
Blue_1_video__34.mp4,PLAX,COLOUR
Blue_1_video__35.mp4,NOT PLAX,NO COLOUR
Blue_1_video__36.mp4,NOT PLAX,NO COLOUR
Blue_1_video__37.mp4,NOT PLAX,NO COLOUR
Blue_1_video__38.mp4,NOT PLAX,NO COLOUR
Blue_1_video__39.mp4,NOT PLAX,NO COLOUR
Blue_1_video__4.mp4,NOT PLAX,COLOUR
Blue_1_video__40.mp4,NOT PLAX,COLOUR
Blue_1_video__41.mp4,NOT PLAX,COLOUR
Blue_1_video__42.mp4,NOT PLAX,COLOUR
Blue_1_video__43.mp4,NOT PLAX,NO COLOUR
Blue_1_video__44.mp4,PLAX,COLOUR
Blue_1_video__45.mp4,NOT PLAX,NO COLOUR
Blue_1_video__46.mp4,NOT PLAX,NO COLOUR
Blue_1_video__47.mp4,NOT PLAX,COLOUR
Blue_1_video__48.mp4,NOT PLAX,COLOUR
Blue_1_video__49.mp4,PLAX,NO COLOUR
Blue_1_video__5.mp4,PLAX,NO COLOUR
Blue_1_video__50.mp4,PLAX,NO COLOUR
Blue_1_video__51.mp4,PLAX,COLOUR
Blue_1_video__52.mp4,PLAX,COLOUR
Blue_1_video__53.mp4,PLAX,COLOUR
Blue_1_video__54.mp4,NOT PLAX,COLOUR
Blue_1_video__55.mp4,PLAX,COLOUR
Blue_1_video__56.mp4,NOT PLAX,NO COLOUR
Blue_1_video__57.mp4,NOT PLAX,NO COLOUR
Blue_1_video__58.mp4,PLAX,COLOUR
Blue_1_video__59.mp4,PLAX,NO COLOUR
Blue_1_video__6.mp4,NOT PLAX,NO COLOUR
Blue_1_video__60.mp4,PLAX,NO COLOUR
Blue_1_video__61.mp4,PLAX,COLOUR
Blue_1_video__62.mp4,PLAX,COLOUR
Blue_1_video__63.mp4,PLAX,COLOUR
Blue_1_video__64.mp4,NOT PLAX,COLOUR
Blue_1_video__65.mp4,PLAX,COLOUR
Blue_1_video__66.mp4,NOT PLAX,NO COLOUR
Blue_1_video__67.mp4,NOT PLAX,NO COLOUR
Blue_1_video__68.mp4,PLAX,COLOUR
Blue_1_video__69.mp4,PLAX,NO COLOUR
Blue_1_video__7.mp4,PLAX,NO COLOUR
Blue_1_video__70.mp4,NOT PLAX,NO COLOUR
Blue_1_video__71.mp4,NOT PLAX,NO COLOUR
Blue_1_video__72.mp4,NOT PLAX,COLOUR
Blue_1_video__73.mp4,NOT PLAX,COLOUR
Blue_1_video__74.mp4,PLAX,NO COLOUR
Blue_1_video__75.mp4,NOT PLAX,COLOUR
Blue_1_video__76.mp4,PLAX,NO COLOUR
Blue_1_video__77.mp4,PLAX,COLOUR
Blue_1_video__78.mp4,PLAX,COLOUR
Blue_1_video__79.mp4,PLAX,COLOUR
Blue_1_video__8.mp4,PLAX,COLOUR
Blue_1_video__80.mp4,PLAX,COLOUR
Blue_1_video__81.mp4,NOT PLAX,COLOUR
Blue_1_video__82.mp4,NOT PLAX,NO COLOUR
Blue_1_video__83.mp4,NOT PLAX,NO COLOUR
Blue_1_video__84.mp4,NOT PLAX,NO COLOUR
Blue_1_video__85.mp4,NOT PLAX,NO COLOUR
Blue_1_video__86.mp4,NOT PLAX,NO COLOUR
Blue_1_video__87.mp4,NOT PLAX,COLOUR
Blue_1_video__88.mp4,NOT PLAX,COLOUR
Blue_1_video__89.mp4,NOT PLAX,COLOUR
Blue_1_video__9.mp4,PLAX,COLOUR
Blue_1_video__90.mp4,NOT PLAX,NO COLOUR
Blue_1_video__91.mp4,NOT PLAX,NO COLOUR
Blue_1_video__92.mp4,NOT PLAX,COLOUR
Blue_1_video__93.mp4,NOT PLAX,COLOUR
Blue_1_video__94.mp4,NOT PLAX,COLOUR
Blue_1_video__95.mp4,NOT PLAX,NO COLOUR
Blue_1_video__96.mp4,PLAX,NO COLOUR
Blue_1_video__97.mp4,PLAX,NO COLOUR
Blue_1_video__98.mp4,PLAX,COLOUR
Blue_1_video__99.mp4,NOT PLAX,COLOUR
Blue_2_image__0.jpeg,PLAX,NO COLOUR
Blue_2_image__1.jpeg,NOT PLAX,NO COLOUR
Blue_2_image__10.jpeg,PLAX,NO COLOUR
Blue_2_image__100.jpeg,NOT PLAX,COLOUR
Blue_2_image__101.jpeg,CAN'T TELL,COLOUR
Blue_2_image__102.jpeg,NOT PLAX,COLOUR
Blue_2_image__103.jpeg,NOT PLAX,NO COLOUR
Blue_2_image__104.jpeg,NOT PLAX,NO COLOUR
Blue_2_image__105.jpeg,NOT PLAX,COLOUR
Blue_2_image__106.jpeg,NOT PLAX,COLOUR
Blue_2_image__107.jpeg,NOT PLAX,COLOUR
Blue_2_image__108.jpeg,NOT PLAX,COLOUR
Blue_2_image__109.jpeg,PLAX,NO COLOUR
Blue_2_image__11.jpeg,PLAX,COLOUR
Blue_2_image__110.jpeg,PLAX,NO COLOUR
Blue_2_image__111.jpeg,PLAX,COLOUR
Blue_2_image__112.jpeg,PLAX,COLOUR
Blue_2_image__113.jpeg,PLAX,COLOUR
Blue_2_image__114.jpeg,PLAX,COLOUR
Blue_2_image__115.jpeg,PLAX,COLOUR
Blue_2_image__116.jpeg,NOT PLAX,NO COLOUR
Blue_2_image__117.jpeg,NOT PLAX,NO COLOUR
Blue_2_image__118.jpeg,NOT PLAX,NO COLOUR
Blue_2_image__119.jpeg,NOT PLAX,NO COLOUR
Blue_2_image__12.jpeg,NOT PLAX,COLOUR
Blue_2_image__120.jpeg,NOT PLAX,COLOUR
Blue_2_image__121.jpeg,NOT PLAX,COLOUR
Blue_2_image__122.jpeg,NOT PLAX,NO COLOUR
Blue_2_image__123.jpeg,PLAX,COLOUR
Blue_2_image__124.jpeg,NOT PLAX,COLOUR
Blue_2_image__125.jpeg,NOT PLAX,NO COLOUR
Blue_2_image__126.jpeg,NOT PLAX,COLOUR
Blue_2_image__127.jpeg,PLAX,NO COLOUR
Blue_2_image__128.jpeg,PLAX,NO COLOUR
Blue_2_image__129.jpeg,PLAX,COLOUR
Blue_2_image__13.jpeg,PLAX,COLOUR
Blue_2_image__130.jpeg,PLAX,COLOUR
Blue_2_image__131.jpeg,PLAX,COLOUR
Blue_2_image__132.jpeg,PLAX,COLOUR
Blue_2_image__133.jpeg,NOT PLAX,NO COLOUR
Blue_2_image__134.jpeg,PLAX,NO COLOUR
Blue_2_image__135.jpeg,NOT PLAX,NO COLOUR
Blue_2_image__136.jpeg,NOT PLAX,NO COLOUR
Blue_2_image__137.jpeg,NOT PLAX,NO COLOUR
Blue_2_image__138.jpeg,NOT PLAX,COLOUR
Blue_2_image__139.jpeg,NOT PLAX,COLOUR
Blue_2_image__14.jpeg,PLAX,COLOUR
Blue_2_image__140.jpeg,NOT PLAX,NO COLOUR
Blue_2_image__141.jpeg,NOT PLAX,NO COLOUR
Blue_2_image__142.jpeg,NOT PLAX,COLOUR
Blue_2_image__143.jpeg,NOT PLAX,COLOUR
Blue_2_image__144.jpeg,NOT PLAX,COLOUR
Blue_2_image__145.jpeg,NOT PLAX,NO COLOUR
Blue_2_image__146.jpeg,NOT PLAX,COLOUR
Blue_2_image__147.jpeg,PLAX,NO COLOUR
Blue_2_image__148.jpeg,PLAX,NO COLOUR
Blue_2_image__149.jpeg,PLAX,COLOUR
Blue_2_image__15.jpeg,PLAX,COLOUR
Blue_2_image__150.jpeg,PLAX,COLOUR
Blue_2_image__151.jpeg,PLAX,COLOUR
Blue_2_image__152.jpeg,PLAX,COLOUR
Blue_2_image__153.jpeg,NOT PLAX,NO COLOUR
Blue_2_image__154.jpeg,NOT PLAX,NO COLOUR
Blue_2_image__155.jpeg,NOT PLAX,NO COLOUR
Blue_2_image__156.jpeg,NOT PLAX,NO COLOUR
Blue_2_image__157.jpeg,NOT PLAX,NO COLOUR
Blue_2_image__158.jpeg,NOT PLAX,COLOUR
Blue_2_image__159.jpeg,NOT PLAX,COLOUR
Blue_2_image__16.jpeg,CAN'T TELL,NO COLOUR
Blue_2_image__160.jpeg,NOT PLAX,NO COLOUR
Blue_2_image__161.jpeg,NOT PLAX,NO COLOUR
Blue_2_image__162.jpeg,NOT PLAX,COLOUR
Blue_2_image__163.jpeg,NOT PLAX,COLOUR
Blue_2_image__164.jpeg,CAN'T TELL,COLOUR
Blue_2_image__165.jpeg,NOT PLAX,COLOUR
Blue_2_image__166.jpeg,PLAX,NO COLOUR
Blue_2_image__167.jpeg,NOT PLAX,NO COLOUR
Blue_2_image__168.jpeg,PLAX,NO COLOUR
Blue_2_image__169.jpeg,PLAX,COLOUR
Blue_2_image__17.jpeg,CAN'T TELL,NO COLOUR
Blue_2_image__170.jpeg,PLAX,COLOUR
Blue_2_image__171.jpeg,PLAX,COLOUR
Blue_2_image__172.jpeg,PLAX,COLOUR
Blue_2_image__173.jpeg,CAN'T TELL,NO COLOUR
Blue_2_image__174.jpeg,NOT PLAX,NO COLOUR
Blue_2_image__175.jpeg,NOT PLAX,NO COLOUR
Blue_2_image__176.jpeg,NOT PLAX,NO COLOUR
Blue_2_image__177.jpeg,NOT PLAX,COLOUR
Blue_2_image__18.jpeg,NOT PLAX,NO COLOUR
Blue_2_image__19.jpeg,NOT PLAX,NO COLOUR
Blue_2_image__2.jpeg,NOT PLAX,COLOUR
Blue_2_image__20.jpeg,NOT PLAX,COLOUR
Blue_2_image__21.jpeg,NOT PLAX,COLOUR
Blue_2_image__22.jpeg,NOT PLAX,NO COLOUR
Blue_2_image__23.jpeg,NOT PLAX,COLOUR
Blue_2_image__24.jpeg,NOT PLAX,NO COLOUR
Blue_2_image__25.jpeg,NOT PLAX,COLOUR
Blue_2_image__26.jpeg,NOT PLAX,COLOUR
Blue_2_image__27.jpeg,NOT PLAX,COLOUR
Blue_2_image__28.jpeg,NOT PLAX,COLOUR
Blue_2_image__29.jpeg,PLAX,NO COLOUR
Blue_2_image__3.jpeg,NOT PLAX,NO COLOUR
Blue_2_image__30.jpeg,PLAX,NO COLOUR
Blue_2_image__31.jpeg,PLAX,COLOUR
Blue_2_image__32.jpeg,PLAX,COLOUR
Blue_2_image__33.jpeg,PLAX,COLOUR
Blue_2_image__34.jpeg,NOT PLAX,NO COLOUR
Blue_2_image__35.jpeg,PLAX,COLOUR
Blue_2_image__36.jpeg,NOT PLAX,NO COLOUR
Blue_2_image__37.jpeg,NOT PLAX,NO COLOUR
Blue_2_image__38.jpeg,NOT PLAX,NO COLOUR
Blue_2_image__39.jpeg,NOT PLAX,NO COLOUR
Blue_2_image__4.jpeg,NOT PLAX,NO COLOUR
Blue_2_image__40.jpeg,NOT PLAX,COLOUR
Blue_2_image__41.jpeg,NOT PLAX,COLOUR
Blue_2_image__42.jpeg,NOT PLAX,NO COLOUR
Blue_2_image__43.jpeg,NOT PLAX,NO COLOUR
Blue_2_image__44.jpeg,NOT PLAX,COLOUR
Blue_2_image__45.jpeg,NOT PLAX,NO COLOUR
Blue_2_image__46.jpeg,NOT PLAX,COLOUR
Blue_2_image__47.jpeg,NOT PLAX,COLOUR
Blue_2_image__48.jpeg,NOT PLAX,COLOUR
Blue_2_image__49.jpeg,PLAX,NO COLOUR
Blue_2_image__5.jpeg,NOT PLAX,NO COLOUR
Blue_2_image__50.jpeg,PLAX,NO COLOUR
Blue_2_image__51.jpeg,PLAX,COLOUR
Blue_2_image__52.jpeg,PLAX,COLOUR
Blue_2_image__53.jpeg,PLAX,COLOUR
Blue_2_image__54.jpeg,PLAX,COLOUR
Blue_2_image__55.jpeg,NOT PLAX,NO COLOUR
Blue_2_image__56.jpeg,NOT PLAX,COLOUR
Blue_2_image__57.jpeg,NOT PLAX,NO COLOUR
Blue_2_image__58.jpeg,NOT PLAX,NO COLOUR
Blue_2_image__59.jpeg,NOT PLAX,NO COLOUR
Blue_2_image__6.jpeg,NOT PLAX,COLOUR
Blue_2_image__60.jpeg,NOT PLAX,COLOUR
Blue_2_image__61.jpeg,NOT PLAX,COLOUR
Blue_2_image__62.jpeg,NOT PLAX,NO COLOUR
Blue_2_image__63.jpeg,NOT PLAX,NO COLOUR
Blue_2_image__64.jpeg,NOT PLAX,COLOUR
Blue_2_image__65.jpeg,NOT PLAX,COLOUR
Blue_2_image__66.jpeg,NOT PLAX,COLOUR
Blue_2_image__67.jpeg,NOT PLAX,COLOUR
Blue_2_image__68.jpeg,NOT PLAX,COLOUR
Blue_2_image__69.jpeg,PLAX,NO COLOUR
Blue_2_image__7.jpeg,NOT PLAX,COLOUR
Blue_2_image__70.jpeg,PLAX,NO COLOUR
Blue_2_image__71.jpeg,PLAX,COLOUR
Blue_2_image__72.jpeg,PLAX,COLOUR
Blue_2_image__73.jpeg,PLAX,COLOUR
Blue_2_image__74.jpeg,PLAX,COLOUR
Blue_2_image__75.jpeg,NOT PLAX,NO COLOUR
Blue_2_image__76.jpeg,NOT PLAX,NO COLOUR
Blue_2_image__77.jpeg,NOT PLAX,NO COLOUR
Blue_2_image__78.jpeg,NOT PLAX,NO COLOUR
Blue_2_image__79.jpeg,NOT PLAX,NO COLOUR
Blue_2_image__8.jpeg,NOT PLAX,COLOUR
Blue_2_image__80.jpeg,NOT PLAX,COLOUR
Blue_2_image__81.jpeg,NOT PLAX,COLOUR
Blue_2_image__82.jpeg,NOT PLAX,NO COLOUR
Blue_2_image__83.jpeg,NOT PLAX,NO COLOUR
Blue_2_image__84.jpeg,NOT PLAX,COLOUR
Blue_2_image__85.jpeg,NOT PLAX,COLOUR
Blue_2_image__86.jpeg,NOT PLAX,COLOUR
Blue_2_image__87.jpeg,NOT PLAX,COLOUR
Blue_2_image__88.jpeg,NOT PLAX,COLOUR
Blue_2_image__89.jpeg,PLAX,NO COLOUR
Blue_2_image__9.jpeg,PLAX,NO COLOUR
Blue_2_image__90.jpeg,PLAX,NO COLOUR
Blue_2_image__91.jpeg,PLAX,NO COLOUR
Blue_2_image__92.jpeg,PLAX,COLOUR
Blue_2_image__93.jpeg,PLAX,COLOUR
Blue_2_image__94.jpeg,PLAX,COLOUR
Blue_2_image__95.jpeg,PLAX,COLOUR
Blue_2_image__96.jpeg,NOT PLAX,NO COLOUR
Blue_2_image__97.jpeg,NOT PLAX,NO COLOUR
Blue_2_image__98.jpeg,NOT PLAX,NO COLOUR
Blue_2_image__99.jpeg,NOT PLAX,NO COLOUR
Blue_2_video__0.mp4,PLAX,NO COLOUR
Blue_2_video__1.mp4,NOT PLAX,NO COLOUR
Blue_2_video__10.mp4,NOT PLAX,NO COLOUR
Blue_2_video__100.mp4,PLAX,NO COLOUR
Blue_2_video__101.mp4,PLAX,NO COLOUR
Blue_2_video__102.mp4,PLAX,COLOUR
Blue_2_video__103.mp4,PLAX,COLOUR
Blue_2_video__104.mp4,PLAX,COLOUR
Blue_2_video__105.mp4,PLAX,COLOUR
Blue_2_video__106.mp4,PLAX,COLOUR
Blue_2_video__107.mp4,NOT PLAX,NO COLOUR
Blue_2_video__108.mp4,NOT PLAX,NO COLOUR
Blue_2_video__109.mp4,NOT PLAX,NO COLOUR
Blue_2_video__11.mp4,NOT PLAX,COLOUR
Blue_2_video__110.mp4,NOT PLAX,NO COLOUR
Blue_2_video__111.mp4,NOT PLAX,COLOUR
Blue_2_video__112.mp4,NOT PLAX,COLOUR
Blue_2_video__113.mp4,NOT PLAX,NO COLOUR
Blue_2_video__114.mp4,PLAX,COLOUR
Blue_2_video__115.mp4,NOT PLAX,NO COLOUR
Blue_2_video__116.mp4,NOT PLAX,COLOUR
Blue_2_video__117.mp4,NOT PLAX,COLOUR
Blue_2_video__118.mp4,PLAX,NO COLOUR
Blue_2_video__119.mp4,PLAX,NO COLOUR
Blue_2_video__12.mp4,NOT PLAX,COLOUR
Blue_2_video__120.mp4,PLAX,COLOUR
Blue_2_video__121.mp4,PLAX,COLOUR
Blue_2_video__122.mp4,PLAX,COLOUR
Blue_2_video__123.mp4,PLAX,COLOUR
Blue_2_video__124.mp4,NOT PLAX,NO COLOUR
Blue_2_video__125.mp4,NOT PLAX,NO COLOUR
Blue_2_video__126.mp4,NOT PLAX,NO COLOUR
Blue_2_video__127.mp4,NOT PLAX,NO COLOUR
Blue_2_video__128.mp4,NOT PLAX,NO COLOUR
Blue_2_video__129.mp4,NOT PLAX,COLOUR
Blue_2_video__13.mp4,NOT PLAX,COLOUR
Blue_2_video__130.mp4,NOT PLAX,COLOUR
Blue_2_video__131.mp4,NOT PLAX,NO COLOUR
Blue_2_video__132.mp4,NOT PLAX,NO COLOUR
Blue_2_video__133.mp4,NOT PLAX,COLOUR
Blue_2_video__134.mp4,NOT PLAX,COLOUR
Blue_2_video__135.mp4,PLAX,NO COLOUR
Blue_2_video__136.mp4,NOT PLAX,NO COLOUR
Blue_2_video__137.mp4,PLAX,NO COLOUR
Blue_2_video__138.mp4,PLAX,COLOUR
Blue_2_video__139.mp4,PLAX,COLOUR
Blue_2_video__14.mp4,PLAX,NO COLOUR
Blue_2_video__140.mp4,PLAX,COLOUR
Blue_2_video__141.mp4,PLAX,COLOUR
Blue_2_video__142.mp4,NOT PLAX,NO COLOUR
Blue_2_video__143.mp4,NOT PLAX,NO COLOUR
Blue_2_video__144.mp4,NOT PLAX,NO COLOUR
Blue_2_video__145.mp4,NOT PLAX,NO COLOUR
Blue_2_video__146.mp4,NOT PLAX,COLOUR
Blue_2_video__147.mp4,NOT PLAX,NO COLOUR
Blue_2_video__148.mp4,NOT PLAX,COLOUR
Blue_2_video__149.mp4,NOT PLAX,NO COLOUR
Blue_2_video__15.mp4,PLAX,NO COLOUR
Blue_2_video__150.mp4,NOT PLAX,NO COLOUR
Blue_2_video__151.mp4,NOT PLAX,COLOUR
Blue_2_video__152.mp4,NOT PLAX,COLOUR
Blue_2_video__153.mp4,PLAX,NO COLOUR
Blue_2_video__154.mp4,PLAX,NO COLOUR
Blue_2_video__155.mp4,PLAX,COLOUR
Blue_2_video__156.mp4,PLAX,COLOUR
Blue_2_video__157.mp4,PLAX,COLOUR
Blue_2_video__16.mp4,PLAX,COLOUR
Blue_2_video__17.mp4,PLAX,COLOUR
Blue_2_video__18.mp4,PLAX,COLOUR
Blue_2_video__19.mp4,PLAX,COLOUR
Blue_2_video__2.mp4,PLAX,COLOUR
Blue_2_video__20.mp4,NOT PLAX,NO COLOUR
Blue_2_video__21.mp4,NOT PLAX,NO COLOUR
Blue_2_video__22.mp4,NOT PLAX,NO COLOUR
Blue_2_video__23.mp4,NOT PLAX,COLOUR
Blue_2_video__24.mp4,NOT PLAX,NO COLOUR
Blue_2_video__25.mp4,NOT PLAX,COLOUR
Blue_2_video__26.mp4,NOT PLAX,COLOUR
Blue_2_video__27.mp4,NOT PLAX,NO COLOUR
Blue_2_video__28.mp4,NOT PLAX,NO COLOUR
Blue_2_video__29.mp4,NOT PLAX,COLOUR
Blue_2_video__3.mp4,NOT PLAX,NO COLOUR
Blue_2_video__30.mp4,NOT PLAX,COLOUR
Blue_2_video__31.mp4,PLAX,NO COLOUR
Blue_2_video__32.mp4,PLAX,NO COLOUR
Blue_2_video__33.mp4,PLAX,COLOUR
Blue_2_video__34.mp4,NOT PLAX,NO COLOUR
Blue_2_video__35.mp4,PLAX,COLOUR
Blue_2_video__36.mp4,PLAX,COLOUR
Blue_2_video__37.mp4,PLAX,COLOUR
Blue_2_video__38.mp4,NOT PLAX,NO COLOUR
Blue_2_video__39.mp4,NOT PLAX,NO COLOUR
Blue_2_video__4.mp4,NOT PLAX,NO COLOUR
Blue_2_video__40.mp4,NOT PLAX,NO COLOUR
Blue_2_video__41.mp4,NOT PLAX,NO COLOUR
Blue_2_video__42.mp4,NOT PLAX,COLOUR
Blue_2_video__43.mp4,NOT PLAX,COLOUR
Blue_2_video__44.mp4,NOT PLAX,NO COLOUR
Blue_2_video__45.mp4,NOT PLAX,NO COLOUR
Blue_2_video__46.mp4,NOT PLAX,NO COLOUR
Blue_2_video__47.mp4,NOT PLAX,COLOUR
Blue_2_video__48.mp4,NOT PLAX,COLOUR
Blue_2_video__49.mp4,PLAX,NO COLOUR
Blue_2_video__5.mp4,NOT PLAX,NO COLOUR
Blue_2_video__50.mp4,PLAX,NO COLOUR
Blue_2_video__51.mp4,PLAX,COLOUR
Blue_2_video__52.mp4,PLAX,COLOUR
Blue_2_video__53.mp4,PLAX,COLOUR
Blue_2_video__54.mp4,PLAX,COLOUR
Blue_2_video__55.mp4,NOT PLAX,NO COLOUR
Blue_2_video__56.mp4,NOT PLAX,COLOUR
Blue_2_video__57.mp4,NOT PLAX,NO COLOUR
Blue_2_video__58.mp4,NOT PLAX,NO COLOUR
Blue_2_video__59.mp4,NOT PLAX,NO COLOUR
Blue_2_video__6.mp4,NOT PLAX,NO COLOUR
Blue_2_video__60.mp4,NOT PLAX,COLOUR
Blue_2_video__61.mp4,NOT PLAX,COLOUR
Blue_2_video__62.mp4,NOT PLAX,NO COLOUR
Blue_2_video__63.mp4,NOT PLAX,NO COLOUR
Blue_2_video__64.mp4,NOT PLAX,COLOUR
Blue_2_video__65.mp4,NOT PLAX,COLOUR
Blue_2_video__66.mp4,NOT PLAX,COLOUR
Blue_2_video__67.mp4,PLAX,NO COLOUR
Blue_2_video__68.mp4,PLAX,NO COLOUR
Blue_2_video__69.mp4,PLAX,COLOUR
Blue_2_video__7.mp4,NOT PLAX,COLOUR
Blue_2_video__70.mp4,PLAX,NO COLOUR
Blue_2_video__71.mp4,PLAX,COLOUR
Blue_2_video__72.mp4,PLAX,COLOUR
Blue_2_video__73.mp4,PLAX,COLOUR
Blue_2_video__74.mp4,NOT PLAX,NO COLOUR
Blue_2_video__75.mp4,NOT PLAX,NO COLOUR
Blue_2_video__76.mp4,NOT PLAX,NO COLOUR
Blue_2_video__77.mp4,NOT PLAX,NO COLOUR
Blue_2_video__78.mp4,NOT PLAX,COLOUR
Blue_2_video__79.mp4,NOT PLAX,COLOUR
Blue_2_video__8.mp4,NOT PLAX,COLOUR
Blue_2_video__80.mp4,NOT PLAX,NO COLOUR
Blue_2_video__81.mp4,PLAX,COLOUR
Blue_2_video__82.mp4,NOT PLAX,NO COLOUR
Blue_2_video__83.mp4,NOT PLAX,COLOUR
Blue_2_video__84.mp4,NOT PLAX,COLOUR
Blue_2_video__85.mp4,PLAX,NO COLOUR
Blue_2_video__86.mp4,PLAX,NO COLOUR
Blue_2_video__87.mp4,PLAX,COLOUR
Blue_2_video__88.mp4,PLAX,COLOUR
Blue_2_video__89.mp4,PLAX,COLOUR
Blue_2_video__9.mp4,NOT PLAX,NO COLOUR
Blue_2_video__90.mp4,PLAX,COLOUR
Blue_2_video__91.mp4,NOT PLAX,NO COLOUR
Blue_2_video__92.mp4,PLAX,COLOUR
Blue_2_video__93.mp4,NOT PLAX,NO COLOUR
Blue_2_video__94.mp4,NOT PLAX,NO COLOUR
Blue_2_video__95.mp4,NOT PLAX,NO COLOUR
Blue_2_video__96.mp4,NOT PLAX,COLOUR
Blue_2_video__97.mp4,NOT PLAX,COLOUR
Blue_2_video__98.mp4,NOT PLAX,NO COLOUR
Blue_2_video__99.mp4,NOT PLAX,COLOUR
Blue_3_image__0.jpeg,PLAX,NO COLOUR
Blue_3_image__1.jpeg,NOT PLAX,NO COLOUR
Blue_3_image__10.jpeg,NOT PLAX,COLOUR
Blue_3_image__100.jpeg,PLAX,COLOUR
Blue_3_image__101.jpeg,PLAX,COLOUR
Blue_3_image__102.jpeg,CAN'T TELL,NO COLOUR
Blue_3_image__103.jpeg,NOT PLAX,NO COLOUR
Blue_3_image__104.jpeg,CAN'T TELL,NO COLOUR
Blue_3_image__105.jpeg,NOT PLAX,NO COLOUR
Blue_3_image__106.jpeg,PLAX,COLOUR
Blue_3_image__107.jpeg,NOT PLAX,COLOUR
Blue_3_image__108.jpeg,NOT PLAX,COLOUR
Blue_3_image__109.jpeg,NOT PLAX,NO COLOUR
Blue_3_image__11.jpeg,NOT PLAX,COLOUR
Blue_3_image__110.jpeg,NOT PLAX,NO COLOUR
Blue_3_image__111.jpeg,NOT PLAX,COLOUR
Blue_3_image__112.jpeg,NOT PLAX,COLOUR
Blue_3_image__113.jpeg,NOT PLAX,COLOUR
Blue_3_image__114.jpeg,NOT PLAX,COLOUR
Blue_3_image__115.jpeg,PLAX,NO COLOUR
Blue_3_image__116.jpeg,PLAX,NO COLOUR
Blue_3_image__117.jpeg,PLAX,COLOUR
Blue_3_image__118.jpeg,PLAX,COLOUR
Blue_3_image__119.jpeg,PLAX,COLOUR
Blue_3_image__12.jpeg,NOT PLAX,COLOUR
Blue_3_image__120.jpeg,PLAX,COLOUR
Blue_3_image__121.jpeg,PLAX,COLOUR
Blue_3_image__122.jpeg,NOT PLAX,NO COLOUR
Blue_3_image__123.jpeg,NOT PLAX,NO COLOUR
Blue_3_image__124.jpeg,NOT PLAX,NO COLOUR
Blue_3_image__125.jpeg,NOT PLAX,NO COLOUR
Blue_3_image__126.jpeg,NOT PLAX,COLOUR
Blue_3_image__127.jpeg,NOT PLAX,COLOUR
Blue_3_image__128.jpeg,PLAX,COLOUR
Blue_3_image__129.jpeg,NOT PLAX,NO COLOUR
Blue_3_image__13.jpeg,NOT PLAX,COLOUR
Blue_3_image__130.jpeg,NOT PLAX,NO COLOUR
Blue_3_image__131.jpeg,NOT PLAX,COLOUR
Blue_3_image__132.jpeg,NOT PLAX,COLOUR
Blue_3_image__133.jpeg,NOT PLAX,COLOUR
Blue_3_image__134.jpeg,NOT PLAX,COLOUR
Blue_3_image__135.jpeg,PLAX,NO COLOUR
Blue_3_image__136.jpeg,PLAX,NO COLOUR
Blue_3_image__137.jpeg,PLAX,COLOUR
Blue_3_image__138.jpeg,PLAX,COLOUR
Blue_3_image__139.jpeg,PLAX,COLOUR
Blue_3_image__14.jpeg,NOT PLAX,COLOUR
Blue_3_image__140.jpeg,PLAX,COLOUR
Blue_3_image__141.jpeg,PLAX,COLOUR
Blue_3_image__142.jpeg,NOT PLAX,NO COLOUR
Blue_3_image__143.jpeg,NOT PLAX,NO COLOUR
Blue_3_image__144.jpeg,NOT PLAX,NO COLOUR
Blue_3_image__145.jpeg,NOT PLAX,NO COLOUR
Blue_3_image__146.jpeg,NOT PLAX,COLOUR
Blue_3_image__147.jpeg,NOT PLAX,COLOUR
Blue_3_image__148.jpeg,NOT PLAX,NO COLOUR
Blue_3_image__149.jpeg,NOT PLAX,NO COLOUR
Blue_3_image__15.jpeg,PLAX,NO COLOUR
Blue_3_image__150.jpeg,NOT PLAX,NO COLOUR
Blue_3_image__151.jpeg,NOT PLAX,COLOUR
Blue_3_image__152.jpeg,NOT PLAX,COLOUR
Blue_3_image__153.jpeg,NOT PLAX,COLOUR
Blue_3_image__154.jpeg,NOT PLAX,COLOUR
Blue_3_image__155.jpeg,PLAX,NO COLOUR
Blue_3_image__156.jpeg,PLAX,NO COLOUR
Blue_3_image__157.jpeg,PLAX,COLOUR
Blue_3_image__158.jpeg,PLAX,COLOUR
Blue_3_image__159.jpeg,PLAX,COLOUR
Blue_3_image__16.jpeg,PLAX,NO COLOUR
Blue_3_image__160.jpeg,PLAX,COLOUR
Blue_3_image__161.jpeg,NOT PLAX,NO COLOUR
Blue_3_image__162.jpeg,NOT PLAX,NO COLOUR
Blue_3_image__163.jpeg,NOT PLAX,NO COLOUR
Blue_3_image__164.jpeg,NOT PLAX,NO COLOUR
Blue_3_image__165.jpeg,NOT PLAX,NO COLOUR
Blue_3_image__166.jpeg,NOT PLAX,COLOUR
Blue_3_image__167.jpeg,NOT PLAX,COLOUR
Blue_3_image__168.jpeg,NOT PLAX,NO COLOUR
Blue_3_image__169.jpeg,NOT PLAX,NO COLOUR
Blue_3_image__17.jpeg,PLAX,COLOUR
Blue_3_image__170.jpeg,NOT PLAX,COLOUR
Blue_3_image__171.jpeg,NOT PLAX,COLOUR
Blue_3_image__172.jpeg,NOT PLAX,NO COLOUR
Blue_3_image__173.jpeg,NOT PLAX,COLOUR
Blue_3_image__174.jpeg,NOT PLAX,COLOUR
Blue_3_image__175.jpeg,PLAX,NO COLOUR
Blue_3_image__176.jpeg,PLAX,NO COLOUR
Blue_3_image__177.jpeg,PLAX,COLOUR
Blue_3_image__178.jpeg,PLAX,COLOUR
Blue_3_image__179.jpeg,PLAX,COLOUR
Blue_3_image__18.jpeg,PLAX,COLOUR
Blue_3_image__180.jpeg,PLAX,NO COLOUR
Blue_3_image__181.jpeg,NOT PLAX,NO COLOUR
Blue_3_image__182.jpeg,NOT PLAX,NO COLOUR
Blue_3_image__19.jpeg,PLAX,NO COLOUR
Blue_3_image__2.jpeg,NOT PLAX,NO COLOUR
Blue_3_image__20.jpeg,PLAX,COLOUR
Blue_3_image__21.jpeg,CAN'T TELL,NO COLOUR
Blue_3_image__22.jpeg,CAN'T TELL,NO COLOUR
Blue_3_image__23.jpeg,NOT PLAX,COLOUR
Blue_3_image__24.jpeg,NOT PLAX,NO COLOUR
Blue_3_image__25.jpeg,NOT PLAX,NO COLOUR
Blue_3_image__26.jpeg,NOT PLAX,COLOUR
Blue_3_image__27.jpeg,NOT PLAX,COLOUR
Blue_3_image__28.jpeg,NOT PLAX,NO COLOUR
Blue_3_image__29.jpeg,NOT PLAX,NO COLOUR
Blue_3_image__3.jpeg,NOT PLAX,NO COLOUR
Blue_3_image__30.jpeg,NOT PLAX,COLOUR
Blue_3_image__31.jpeg,NOT PLAX,COLOUR
Blue_3_image__32.jpeg,NOT PLAX,COLOUR
Blue_3_image__33.jpeg,NOT PLAX,COLOUR
Blue_3_image__34.jpeg,NOT PLAX,NO COLOUR
Blue_3_image__35.jpeg,PLAX,NO COLOUR
Blue_3_image__36.jpeg,PLAX,NO COLOUR
Blue_3_image__37.jpeg,PLAX,COLOUR
Blue_3_image__38.jpeg,PLAX,COLOUR
Blue_3_image__39.jpeg,PLAX,COLOUR
Blue_3_image__4.jpeg,NOT PLAX,COLOUR
Blue_3_image__40.jpeg,PLAX,COLOUR
Blue_3_image__41.jpeg,CAN'T TELL,NO COLOUR
Blue_3_image__42.jpeg,NOT PLAX,NO COLOUR
Blue_3_image__43.jpeg,NOT PLAX,NO COLOUR
Blue_3_image__44.jpeg,NOT PLAX,NO COLOUR
Blue_3_image__45.jpeg,NOT PLAX,NO COLOUR
Blue_3_image__46.jpeg,NOT PLAX,COLOUR
Blue_3_image__47.jpeg,NOT PLAX,COLOUR
Blue_3_image__48.jpeg,NOT PLAX,NO COLOUR
Blue_3_image__49.jpeg,NOT PLAX,NO COLOUR
Blue_3_image__5.jpeg,NOT PLAX,COLOUR
Blue_3_image__50.jpeg,NOT PLAX,COLOUR
Blue_3_image__51.jpeg,NOT PLAX,COLOUR
Blue_3_image__52.jpeg,NOT PLAX,NO COLOUR
Blue_3_image__53.jpeg,NOT PLAX,COLOUR
Blue_3_image__54.jpeg,PLAX,NO COLOUR
Blue_3_image__55.jpeg,PLAX,NO COLOUR
Blue_3_image__56.jpeg,NOT PLAX,COLOUR
Blue_3_image__57.jpeg,PLAX,COLOUR
Blue_3_image__58.jpeg,PLAX,COLOUR
Blue_3_image__59.jpeg,PLAX,COLOUR
Blue_3_image__6.jpeg,NOT PLAX,NO COLOUR
Blue_3_image__60.jpeg,PLAX,COLOUR
Blue_3_image__61.jpeg,NOT PLAX,NO COLOUR
Blue_3_image__62.jpeg,NOT PLAX,NO COLOUR
Blue_3_image__63.jpeg,NOT PLAX,NO COLOUR
Blue_3_image__64.jpeg,NOT PLAX,NO COLOUR
Blue_3_image__65.jpeg,NOT PLAX,COLOUR
Blue_3_image__66.jpeg,NOT PLAX,COLOUR
Blue_3_image__67.jpeg,NOT PLAX,COLOUR
Blue_3_image__68.jpeg,NOT PLAX,NO COLOUR
Blue_3_image__69.jpeg,NOT PLAX,NO COLOUR
Blue_3_image__7.jpeg,NOT PLAX,NO COLOUR
Blue_3_image__70.jpeg,NOT PLAX,COLOUR
Blue_3_image__71.jpeg,NOT PLAX,NO COLOUR
Blue_3_image__72.jpeg,NOT PLAX,COLOUR
Blue_3_image__73.jpeg,NOT PLAX,COLOUR
Blue_3_image__74.jpeg,PLAX,NO COLOUR
Blue_3_image__75.jpeg,PLAX,NO COLOUR
Blue_3_image__76.jpeg,PLAX,COLOUR
Blue_3_image__77.jpeg,PLAX,COLOUR
Blue_3_image__78.jpeg,NOT PLAX,COLOUR
Blue_3_image__79.jpeg,PLAX,COLOUR
Blue_3_image__8.jpeg,NOT PLAX,COLOUR
Blue_3_image__80.jpeg,PLAX,COLOUR
Blue_3_image__81.jpeg,NOT PLAX,NO COLOUR
Blue_3_image__82.jpeg,NOT PLAX,NO COLOUR
Blue_3_image__83.jpeg,NOT PLAX,NO COLOUR
Blue_3_image__84.jpeg,NOT PLAX,NO COLOUR
Blue_3_image__85.jpeg,NOT PLAX,COLOUR
Blue_3_image__86.jpeg,NOT PLAX,COLOUR
Blue_3_image__87.jpeg,NOT PLAX,NO COLOUR
Blue_3_image__88.jpeg,NOT PLAX,NO COLOUR
Blue_3_image__89.jpeg,NOT PLAX,COLOUR
Blue_3_image__9.jpeg,NOT PLAX,COLOUR
Blue_3_image__90.jpeg,NOT PLAX,COLOUR
Blue_3_image__91.jpeg,CAN'T TELL,COLOUR
Blue_3_image__92.jpeg,NOT PLAX,COLOUR
Blue_3_image__93.jpeg,NOT PLAX,COLOUR
Blue_3_image__94.jpeg,NOT PLAX,COLOUR
Blue_3_image__95.jpeg,PLAX,NO COLOUR
Blue_3_image__96.jpeg,PLAX,NO COLOUR
Blue_3_image__97.jpeg,PLAX,NO COLOUR
Blue_3_image__98.jpeg,PLAX,COLOUR
Blue_3_image__99.jpeg,PLAX,COLOUR
Blue_3_video__0.mp4,PLAX,NO COLOUR
Blue_3_video__1.mp4,NOT PLAX,NO COLOUR
Blue_3_video__10.mp4,NOT PLAX,COLOUR
Blue_3_video__100.mp4,NOT PLAX,NO COLOUR
Blue_3_video__101.mp4,NOT PLAX,NO COLOUR
Blue_3_video__102.mp4,NOT PLAX,COLOUR
Blue_3_video__103.mp4,NOT PLAX,COLOUR
Blue_3_video__104.mp4,PLAX,NO COLOUR
Blue_3_video__105.mp4,PLAX,COLOUR
Blue_3_video__106.mp4,PLAX,NO COLOUR
Blue_3_video__107.mp4,PLAX,COLOUR
Blue_3_video__108.mp4,PLAX,COLOUR
Blue_3_video__109.mp4,PLAX,COLOUR
Blue_3_video__11.mp4,NOT PLAX,NO COLOUR
Blue_3_video__110.mp4,PLAX,COLOUR
Blue_3_video__111.mp4,NOT PLAX,NO COLOUR
Blue_3_video__112.mp4,NOT PLAX,NO COLOUR
Blue_3_video__113.mp4,NOT PLAX,NO COLOUR
Blue_3_video__114.mp4,NOT PLAX,NO COLOUR
Blue_3_video__115.mp4,NOT PLAX,COLOUR
Blue_3_video__116.mp4,PLAX,COLOUR
Blue_3_video__117.mp4,NOT PLAX,COLOUR
Blue_3_video__118.mp4,NOT PLAX,NO COLOUR
Blue_3_video__119.mp4,NOT PLAX,NO COLOUR
Blue_3_video__12.mp4,NOT PLAX,COLOUR
Blue_3_video__120.mp4,NOT PLAX,COLOUR
Blue_3_video__121.mp4,NOT PLAX,COLOUR
Blue_3_video__122.mp4,PLAX,NO COLOUR
Blue_3_video__123.mp4,PLAX,NO COLOUR
Blue_3_video__124.mp4,PLAX,COLOUR
Blue_3_video__125.mp4,PLAX,COLOUR
Blue_3_video__126.mp4,PLAX,COLOUR
Blue_3_video__127.mp4,NOT PLAX,NO COLOUR
Blue_3_video__128.mp4,PLAX,COLOUR
Blue_3_video__129.mp4,NOT PLAX,NO COLOUR
Blue_3_video__13.mp4,NOT PLAX,NO COLOUR
Blue_3_video__130.mp4,NOT PLAX,NO COLOUR
Blue_3_video__131.mp4,NOT PLAX,NO COLOUR
Blue_3_video__132.mp4,NOT PLAX,NO COLOUR
Blue_3_video__133.mp4,NOT PLAX,COLOUR
Blue_3_video__134.mp4,NOT PLAX,COLOUR
Blue_3_video__135.mp4,NOT PLAX,NO COLOUR
Blue_3_video__136.mp4,NOT PLAX,NO COLOUR
Blue_3_video__137.mp4,NOT PLAX,COLOUR
Blue_3_video__138.mp4,NOT PLAX,NO COLOUR
Blue_3_video__139.mp4,NOT PLAX,COLOUR
Blue_3_video__14.mp4,NOT PLAX,COLOUR
Blue_3_video__140.mp4,PLAX,NO COLOUR
Blue_3_video__141.mp4,PLAX,NO COLOUR
Blue_3_video__142.mp4,PLAX,COLOUR
Blue_3_video__143.mp4,PLAX,COLOUR
Blue_3_video__144.mp4,PLAX,COLOUR
Blue_3_video__145.mp4,PLAX,COLOUR
Blue_3_video__146.mp4,NOT PLAX,NO COLOUR
Blue_3_video__147.mp4,NOT PLAX,NO COLOUR
Blue_3_video__148.mp4,NOT PLAX,NO COLOUR
Blue_3_video__149.mp4,NOT PLAX,NO COLOUR
Blue_3_video__15.mp4,NOT PLAX,COLOUR
Blue_3_video__150.mp4,NOT PLAX,NO COLOUR
Blue_3_video__151.mp4,NOT PLAX,COLOUR
Blue_3_video__152.mp4,NOT PLAX,COLOUR
Blue_3_video__153.mp4,NOT PLAX,NO COLOUR
Blue_3_video__154.mp4,NOT PLAX,NO COLOUR
Blue_3_video__155.mp4,NOT PLAX,COLOUR
Blue_3_video__156.mp4,NOT PLAX,COLOUR
Blue_3_video__157.mp4,PLAX,NO COLOUR
Blue_3_video__158.mp4,PLAX,NO COLOUR
Blue_3_video__159.mp4,PLAX,COLOUR
Blue_3_video__16.mp4,PLAX,NO COLOUR
Blue_3_video__17.mp4,PLAX,NO COLOUR
Blue_3_video__18.mp4,PLAX,COLOUR
Blue_3_video__19.mp4,PLAX,COLOUR
Blue_3_video__2.mp4,PLAX,COLOUR
Blue_3_video__20.mp4,PLAX,COLOUR
Blue_3_video__21.mp4,PLAX,COLOUR
Blue_3_video__22.mp4,NOT PLAX,NO COLOUR
Blue_3_video__23.mp4,NOT PLAX,COLOUR
Blue_3_video__24.mp4,NOT PLAX,NO COLOUR
Blue_3_video__25.mp4,NOT PLAX,NO COLOUR
Blue_3_video__26.mp4,NOT PLAX,NO COLOUR
Blue_3_video__27.mp4,NOT PLAX,COLOUR
Blue_3_video__28.mp4,NOT PLAX,COLOUR
Blue_3_video__29.mp4,NOT PLAX,NO COLOUR
Blue_3_video__3.mp4,,
Blue_3_video__30.mp4,NOT PLAX,NO COLOUR
Blue_3_video__31.mp4,NOT PLAX,COLOUR
Blue_3_video__32.mp4,NOT PLAX,COLOUR
Blue_3_video__33.mp4,PLAX,NO COLOUR
Blue_3_video__34.mp4,NOT PLAX,NO COLOUR
Blue_3_video__35.mp4,PLAX,NO COLOUR
Blue_3_video__36.mp4,PLAX,COLOUR
Blue_3_video__37.mp4,PLAX,COLOUR
Blue_3_video__38.mp4,PLAX,COLOUR
Blue_3_video__39.mp4,PLAX,COLOUR
Blue_3_video__4.mp4,PLAX,COLOUR
Blue_3_video__40.mp4,NOT PLAX,NO COLOUR
Blue_3_video__41.mp4,NOT PLAX,NO COLOUR
Blue_3_video__42.mp4,NOT PLAX,NO COLOUR
Blue_3_video__43.mp4,NOT PLAX,NO COLOUR
Blue_3_video__44.mp4,NOT PLAX,COLOUR
Blue_3_video__45.mp4,NOT PLAX,NO COLOUR
Blue_3_video__46.mp4,NOT PLAX,COLOUR
Blue_3_video__47.mp4,NOT PLAX,NO COLOUR
Blue_3_video__48.mp4,NOT PLAX,NO COLOUR
Blue_3_video__49.mp4,NOT PLAX,COLOUR
Blue_3_video__5.mp4,NOT PLAX,NO COLOUR
Blue_3_video__50.mp4,NOT PLAX,COLOUR
Blue_3_video__51.mp4,PLAX,NO COLOUR
Blue_3_video__52.mp4,PLAX,NO COLOUR
Blue_3_video__53.mp4,PLAX,COLOUR
Blue_3_video__54.mp4,PLAX,COLOUR
Blue_3_video__55.mp4,PLAX,COLOUR
Blue_3_video__56.mp4,NOT PLAX,COLOUR
Blue_3_video__57.mp4,PLAX,COLOUR
Blue_3_video__58.mp4,NOT PLAX,NO COLOUR
Blue_3_video__59.mp4,NOT PLAX,NO COLOUR
Blue_3_video__6.mp4,NOT PLAX,NO COLOUR
Blue_3_video__60.mp4,NOT PLAX,NO COLOUR
Blue_3_video__61.mp4,NOT PLAX,NO COLOUR
Blue_3_video__62.mp4,NOT PLAX,COLOUR
Blue_3_video__63.mp4,NOT PLAX,COLOUR
Blue_3_video__64.mp4,NOT PLAX,NO COLOUR
Blue_3_video__65.mp4,NOT PLAX,NO COLOUR
Blue_3_video__66.mp4,NOT PLAX,COLOUR
Blue_3_video__67.mp4,NOT PLAX,COLOUR
Blue_3_video__68.mp4,NOT PLAX,COLOUR
Blue_3_video__69.mp4,PLAX,NO COLOUR
Blue_3_video__7.mp4,NOT PLAX,NO COLOUR
Blue_3_video__70.mp4,PLAX,NO COLOUR
Blue_3_video__71.mp4,PLAX,COLOUR
Blue_3_video__72.mp4,PLAX,NO COLOUR
Blue_3_video__73.mp4,PLAX,COLOUR
Blue_3_video__74.mp4,PLAX,COLOUR
Blue_3_video__75.mp4,PLAX,COLOUR
Blue_3_video__76.mp4,NOT PLAX,NO COLOUR
Blue_3_video__77.mp4,NOT PLAX,NO COLOUR
Blue_3_video__78.mp4,NOT PLAX,NO COLOUR
Blue_3_video__79.mp4,NOT PLAX,NO COLOUR
Blue_3_video__8.mp4,NOT PLAX,NO COLOUR
Blue_3_video__80.mp4,NOT PLAX,COLOUR
Blue_3_video__81.mp4,NOT PLAX,COLOUR
Blue_3_video__82.mp4,NOT PLAX,NO COLOUR
Blue_3_video__83.mp4,PLAX,COLOUR
Blue_3_video__84.mp4,NOT PLAX,NO COLOUR
Blue_3_video__85.mp4,NOT PLAX,COLOUR
Blue_3_video__86.mp4,NOT PLAX,COLOUR
Blue_3_video__87.mp4,PLAX,NO COLOUR
Blue_3_video__88.mp4,PLAX,NO COLOUR
Blue_3_video__89.mp4,PLAX,COLOUR
Blue_3_video__9.mp4,NOT PLAX,COLOUR
Blue_3_video__90.mp4,PLAX,COLOUR
Blue_3_video__91.mp4,PLAX,COLOUR
Blue_3_video__92.mp4,PLAX,COLOUR
Blue_3_video__93.mp4,NOT PLAX,NO COLOUR
Blue_3_video__94.mp4,PLAX,COLOUR
Blue_3_video__95.mp4,NOT PLAX,NO COLOUR
Blue_3_video__96.mp4,NOT PLAX,NO COLOUR
Blue_3_video__97.mp4,NOT PLAX,NO COLOUR
Blue_3_video__98.mp4,NOT PLAX,COLOUR
Blue_3_video__99.mp4,NOT PLAX,COLOUR
Blue_6_image__0.jpeg,PLAX,NO COLOUR
Blue_6_image__1.jpeg,NOT PLAX,NO COLOUR
Blue_6_image__10.jpeg,NOT PLAX,COLOUR
Blue_6_image__100.jpeg,NOT PLAX,NO COLOUR
Blue_6_image__101.jpeg,NOT PLAX,NO COLOUR
Blue_6_image__102.jpeg,NOT PLAX,COLOUR
Blue_6_image__103.jpeg,NOT PLAX,COLOUR
Blue_6_image__104.jpeg,NOT PLAX,NO COLOUR
Blue_6_image__105.jpeg,PLAX,COLOUR
Blue_6_image__106.jpeg,NOT PLAX,NO COLOUR
Blue_6_image__107.jpeg,NOT PLAX,COLOUR
Blue_6_image__108.jpeg,NOT PLAX,COLOUR
Blue_6_image__109.jpeg,NOT PLAX,COLOUR
Blue_6_image__11.jpeg,PLAX,NO COLOUR
Blue_6_image__110.jpeg,NOT PLAX,COLOUR
Blue_6_image__111.jpeg,NOT PLAX,NO COLOUR
Blue_6_image__112.jpeg,PLAX,NO COLOUR
Blue_6_image__113.jpeg,PLAX,NO COLOUR
Blue_6_image__114.jpeg,PLAX,COLOUR
Blue_6_image__115.jpeg,PLAX,COLOUR
Blue_6_image__116.jpeg,PLAX,COLOUR
Blue_6_image__117.jpeg,PLAX,COLOUR
Blue_6_image__118.jpeg,PLAX,COLOUR
Blue_6_image__119.jpeg,CAN'T TELL,NO COLOUR
Blue_6_image__12.jpeg,NOT PLAX,NO COLOUR
Blue_6_image__120.jpeg,CAN'T TELL,NO COLOUR
Blue_6_image__121.jpeg,NOT PLAX,NO COLOUR
Blue_6_image__122.jpeg,NOT PLAX,NO COLOUR
Blue_6_image__123.jpeg,NOT PLAX,COLOUR
Blue_6_image__124.jpeg,NOT PLAX,COLOUR
Blue_6_image__125.jpeg,NOT PLAX,NO COLOUR
Blue_6_image__126.jpeg,NOT PLAX,NO COLOUR
Blue_6_image__127.jpeg,NOT PLAX,NO COLOUR
Blue_6_image__128.jpeg,NOT PLAX,COLOUR
Blue_6_image__129.jpeg,NOT PLAX,COLOUR
Blue_6_image__13.jpeg,PLAX,NO COLOUR
Blue_6_image__130.jpeg,NOT PLAX,COLOUR
Blue_6_image__131.jpeg,NOT PLAX,COLOUR
Blue_6_image__132.jpeg,PLAX,NO COLOUR
Blue_6_image__133.jpeg,PLAX,NO COLOUR
Blue_6_image__134.jpeg,PLAX,COLOUR
Blue_6_image__135.jpeg,PLAX,COLOUR
Blue_6_image__136.jpeg,PLAX,COLOUR
Blue_6_image__137.jpeg,NOT PLAX,NO COLOUR
Blue_6_image__138.jpeg,NOT PLAX,NO COLOUR
Blue_6_image__139.jpeg,NOT PLAX,NO COLOUR
Blue_6_image__14.jpeg,PLAX,COLOUR
Blue_6_image__140.jpeg,NOT PLAX,NO COLOUR
Blue_6_image__141.jpeg,NOT PLAX,NO COLOUR
Blue_6_image__142.jpeg,NOT PLAX,COLOUR
Blue_6_image__143.jpeg,NOT PLAX,COLOUR
Blue_6_image__144.jpeg,NOT PLAX,NO COLOUR
Blue_6_image__145.jpeg,NOT PLAX,NO COLOUR
Blue_6_image__146.jpeg,NOT PLAX,COLOUR
Blue_6_image__147.jpeg,NOT PLAX,COLOUR
Blue_6_image__148.jpeg,NOT PLAX,COLOUR
Blue_6_image__149.jpeg,NOT PLAX,NO COLOUR
Blue_6_image__15.jpeg,PLAX,COLOUR
Blue_6_image__150.jpeg,NOT PLAX,NO COLOUR
Blue_6_image__151.jpeg,PLAX,NO COLOUR
Blue_6_image__152.jpeg,PLAX,NO COLOUR
Blue_6_image__153.jpeg,PLAX,COLOUR
Blue_6_image__154.jpeg,PLAX,COLOUR
Blue_6_image__155.jpeg,PLAX,COLOUR
Blue_6_image__156.jpeg,PLAX,COLOUR
Blue_6_image__157.jpeg,CAN'T TELL,NO COLOUR
Blue_6_image__158.jpeg,CAN'T TELL,NO COLOUR
Blue_6_image__159.jpeg,NOT PLAX,NO COLOUR
Blue_6_image__16.jpeg,PLAX,COLOUR
Blue_6_image__17.jpeg,PLAX,COLOUR
Blue_6_image__18.jpeg,NOT PLAX,NO COLOUR
Blue_6_image__19.jpeg,NOT PLAX,NO COLOUR
Blue_6_image__2.jpeg,NOT PLAX,NO COLOUR
Blue_6_image__20.jpeg,NOT PLAX,NO COLOUR
Blue_6_image__21.jpeg,NOT PLAX,NO COLOUR
Blue_6_image__22.jpeg,NOT PLAX,COLOUR
Blue_6_image__23.jpeg,NOT PLAX,COLOUR
Blue_6_image__24.jpeg,NOT PLAX,COLOUR
Blue_6_image__25.jpeg,NOT PLAX,NO COLOUR
Blue_6_image__26.jpeg,NOT PLAX,NO COLOUR
Blue_6_image__27.jpeg,NOT PLAX,COLOUR
Blue_6_image__28.jpeg,NOT PLAX,COLOUR
Blue_6_image__29.jpeg,NOT PLAX,COLOUR
Blue_6_image__3.jpeg,NOT PLAX,COLOUR
Blue_6_image__30.jpeg,NOT PLAX,COLOUR
Blue_6_image__31.jpeg,PLAX,NO COLOUR
Blue_6_image__32.jpeg,PLAX,NO COLOUR
Blue_6_image__33.jpeg,PLAX,COLOUR
Blue_6_image__34.jpeg,NOT PLAX,NO COLOUR
Blue_6_image__35.jpeg,PLAX,COLOUR
Blue_6_image__36.jpeg,PLAX,COLOUR
Blue_6_image__37.jpeg,PLAX,COLOUR
Blue_6_image__38.jpeg,NOT PLAX,NO COLOUR
Blue_6_image__39.jpeg,NOT PLAX,NO COLOUR
Blue_6_image__4.jpeg,NOT PLAX,COLOUR
Blue_6_image__40.jpeg,NOT PLAX,NO COLOUR
Blue_6_image__41.jpeg,NOT PLAX,NO COLOUR
Blue_6_image__42.jpeg,NOT PLAX,COLOUR
Blue_6_image__43.jpeg,NOT PLAX,COLOUR
Blue_6_image__44.jpeg,NOT PLAX,NO COLOUR
Blue_6_image__45.jpeg,NOT PLAX,NO COLOUR
Blue_6_image__46.jpeg,NOT PLAX,COLOUR
Blue_6_image__47.jpeg,NOT PLAX,COLOUR
Blue_6_image__48.jpeg,NOT PLAX,COLOUR
Blue_6_image__49.jpeg,PLAX,NO COLOUR
Blue_6_image__5.jpeg,NOT PLAX,NO COLOUR
Blue_6_image__50.jpeg,PLAX,NO COLOUR
Blue_6_image__51.jpeg,PLAX,COLOUR
Blue_6_image__52.jpeg,PLAX,COLOUR
Blue_6_image__53.jpeg,PLAX,COLOUR
Blue_6_image__54.jpeg,PLAX,COLOUR
Blue_6_image__55.jpeg,NOT PLAX,NO COLOUR
Blue_6_image__56.jpeg,NOT PLAX,NO COLOUR
Blue_6_image__57.jpeg,NOT PLAX,NO COLOUR
Blue_6_image__58.jpeg,NOT PLAX,NO COLOUR
Blue_6_image__59.jpeg,NOT PLAX,NO COLOUR
Blue_6_image__6.jpeg,NOT PLAX,NO COLOUR
Blue_6_image__60.jpeg,NOT PLAX,COLOUR
Blue_6_image__61.jpeg,NOT PLAX,COLOUR
Blue_6_image__62.jpeg,NOT PLAX,NO COLOUR
Blue_6_image__63.jpeg,NOT PLAX,NO COLOUR
Blue_6_image__64.jpeg,NOT PLAX,COLOUR
Blue_6_image__65.jpeg,NOT PLAX,COLOUR
Blue_6_image__66.jpeg,NOT PLAX,COLOUR
Blue_6_image__67.jpeg,NOT PLAX,COLOUR
Blue_6_image__68.jpeg,NOT PLAX,COLOUR
Blue_6_image__69.jpeg,NOT PLAX,COLOUR
Blue_6_image__7.jpeg,NOT PLAX,COLOUR
Blue_6_image__70.jpeg,NOT PLAX,COLOUR
Blue_6_image__71.jpeg,PLAX,NO COLOUR
Blue_6_image__72.jpeg,NOT PLAX,NO COLOUR
Blue_6_image__73.jpeg,PLAX,NO COLOUR
Blue_6_image__74.jpeg,PLAX,COLOUR
Blue_6_image__75.jpeg,PLAX,COLOUR
Blue_6_image__76.jpeg,PLAX,COLOUR
Blue_6_image__77.jpeg,PLAX,COLOUR
Blue_6_image__78.jpeg,NOT PLAX,NO COLOUR
Blue_6_image__79.jpeg,NOT PLAX,NO COLOUR
Blue_6_image__8.jpeg,NOT PLAX,COLOUR
Blue_6_image__80.jpeg,NOT PLAX,NO COLOUR
Blue_6_image__81.jpeg,NOT PLAX,NO COLOUR
Blue_6_image__82.jpeg,NOT PLAX,COLOUR
Blue_6_image__83.jpeg,PLAX,COLOUR
Blue_6_image__84.jpeg,NOT PLAX,COLOUR
Blue_6_image__85.jpeg,NOT PLAX,NO COLOUR
Blue_6_image__86.jpeg,NOT PLAX,NO COLOUR
Blue_6_image__87.jpeg,NOT PLAX,COLOUR
Blue_6_image__88.jpeg,NOT PLAX,COLOUR
Blue_6_image__89.jpeg,NOT PLAX,COLOUR
Blue_6_image__9.jpeg,NOT PLAX,COLOUR
Blue_6_image__90.jpeg,NOT PLAX,COLOUR
Blue_6_image__91.jpeg,PLAX,NO COLOUR
Blue_6_image__92.jpeg,PLAX,NO COLOUR
Blue_6_image__93.jpeg,PLAX,COLOUR
Blue_6_image__94.jpeg,PLAX,COLOUR
Blue_6_image__95.jpeg,PLAX,COLOUR
Blue_6_image__96.jpeg,PLAX,COLOUR
Blue_6_image__97.jpeg,PLAX,COLOUR
Blue_6_image__98.jpeg,NOT PLAX,NO COLOUR
Blue_6_image__99.jpeg,NOT PLAX,NO COLOUR
Blue_6_video__0.mp4,PLAX,NO COLOUR
Blue_6_video__1.mp4,NOT PLAX,NO COLOUR
Blue_6_video__10.mp4,NOT PLAX,NO COLOUR
Blue_6_video__100.mp4,NOT PLAX,NO COLOUR
Blue_6_video__101.mp4,NOT PLAX,COLOUR
Blue_6_video__102.mp4,NOT PLAX,COLOUR
Blue_6_video__103.mp4,PLAX,NO COLOUR
Blue_6_video__104.mp4,PLAX,NO COLOUR
Blue_6_video__105.mp4,PLAX,COLOUR
Blue_6_video__106.mp4,PLAX,COLOUR
Blue_6_video__107.mp4,PLAX,COLOUR
Blue_6_video__108.mp4,NOT PLAX,NO COLOUR
Blue_6_video__109.mp4,NOT PLAX,NO COLOUR
Blue_6_video__11.mp4,NOT PLAX,NO COLOUR
Blue_6_video__110.mp4,NOT PLAX,NO COLOUR
Blue_6_video__111.mp4,NOT PLAX,NO COLOUR
Blue_6_video__112.mp4,NOT PLAX,NO COLOUR
Blue_6_video__113.mp4,NOT PLAX,COLOUR
Blue_6_video__114.mp4,NOT PLAX,COLOUR
Blue_6_video__115.mp4,NOT PLAX,NO COLOUR
Blue_6_video__116.mp4,NOT PLAX,NO COLOUR
Blue_6_video__117.mp4,NOT PLAX,COLOUR
Blue_6_video__118.mp4,NOT PLAX,COLOUR
Blue_6_video__119.mp4,NOT PLAX,NO COLOUR
Blue_6_video__12.mp4,NOT PLAX,COLOUR
Blue_6_video__120.mp4,PLAX,NO COLOUR
Blue_6_video__121.mp4,PLAX,NO COLOUR
Blue_6_video__122.mp4,PLAX,COLOUR
Blue_6_video__123.mp4,PLAX,COLOUR
Blue_6_video__124.mp4,PLAX,COLOUR
Blue_6_video__125.mp4,PLAX,COLOUR
Blue_6_video__126.mp4,NOT PLAX,NO COLOUR
Blue_6_video__127.mp4,NOT PLAX,NO COLOUR
Blue_6_video__128.mp4,NOT PLAX,NO COLOUR
Blue_6_video__129.mp4,NOT PLAX,NO COLOUR
Blue_6_video__13.mp4,NOT PLAX,COLOUR
Blue_6_video__130.mp4,NOT PLAX,NO COLOUR
Blue_6_video__131.mp4,NOT PLAX,COLOUR
Blue_6_video__132.mp4,NOT PLAX,COLOUR
Blue_6_video__133.mp4,NOT PLAX,NO COLOUR
Blue_6_video__134.mp4,NOT PLAX,NO COLOUR
Blue_6_video__135.mp4,NOT PLAX,COLOUR
Blue_6_video__136.mp4,NOT PLAX,COLOUR
Blue_6_video__137.mp4,PLAX,NO COLOUR
Blue_6_video__138.mp4,PLAX,NO COLOUR
Blue_6_video__139.mp4,PLAX,COLOUR
Blue_6_video__14.mp4,NOT PLAX,COLOUR
Blue_6_video__140.mp4,PLAX,COLOUR
Blue_6_video__15.mp4,PLAX,NO COLOUR
Blue_6_video__16.mp4,PLAX,NO COLOUR
Blue_6_video__17.mp4,PLAX,COLOUR
Blue_6_video__18.mp4,PLAX,COLOUR
Blue_6_video__19.mp4,PLAX,COLOUR
Blue_6_video__2.mp4,NOT PLAX,NO COLOUR
Blue_6_video__20.mp4,PLAX,COLOUR
Blue_6_video__21.mp4,NOT PLAX,NO COLOUR
Blue_6_video__22.mp4,NOT PLAX,NO COLOUR
Blue_6_video__23.mp4,NOT PLAX,COLOUR
Blue_6_video__24.mp4,NOT PLAX,NO COLOUR
Blue_6_video__25.mp4,NOT PLAX,NO COLOUR
Blue_6_video__26.mp4,NOT PLAX,COLOUR
Blue_6_video__27.mp4,NOT PLAX,COLOUR
Blue_6_video__28.mp4,NOT PLAX,NO COLOUR
Blue_6_video__29.mp4,NOT PLAX,COLOUR
Blue_6_video__3.mp4,PLAX,COLOUR
Blue_6_video__30.mp4,PLAX,NO COLOUR
Blue_6_video__31.mp4,PLAX,NO COLOUR
Blue_6_video__32.mp4,PLAX,COLOUR
Blue_6_video__33.mp4,PLAX,COLOUR
Blue_6_video__34.mp4,NOT PLAX,NO COLOUR
Blue_6_video__35.mp4,PLAX,COLOUR
Blue_6_video__36.mp4,PLAX,COLOUR
Blue_6_video__37.mp4,NOT PLAX,NO COLOUR
Blue_6_video__38.mp4,NOT PLAX,NO COLOUR
Blue_6_video__39.mp4,NOT PLAX,NO COLOUR
Blue_6_video__4.mp4,NOT PLAX,NO COLOUR
Blue_6_video__40.mp4,NOT PLAX,NO COLOUR
Blue_6_video__41.mp4,NOT PLAX,COLOUR
Blue_6_video__42.mp4,NOT PLAX,COLOUR
Blue_6_video__43.mp4,NOT PLAX,NO COLOUR
Blue_6_video__44.mp4,NOT PLAX,NO COLOUR
Blue_6_video__45.mp4,NOT PLAX,NO COLOUR
Blue_6_video__46.mp4,NOT PLAX,COLOUR
Blue_6_video__47.mp4,NOT PLAX,COLOUR
Blue_6_video__48.mp4,NOT PLAX,COLOUR
Blue_6_video__49.mp4,NOT PLAX,COLOUR
Blue_6_video__5.mp4,NOT PLAX,NO COLOUR
Blue_6_video__50.mp4,PLAX,NO COLOUR
Blue_6_video__51.mp4,PLAX,NO COLOUR
Blue_6_video__52.mp4,PLAX,COLOUR
Blue_6_video__53.mp4,PLAX,NO COLOUR
Blue_6_video__54.mp4,PLAX,COLOUR
Blue_6_video__55.mp4,PLAX,COLOUR
Blue_6_video__56.mp4,PLAX,COLOUR
Blue_6_video__57.mp4,NOT PLAX,NO COLOUR
Blue_6_video__58.mp4,NOT PLAX,NO COLOUR
Blue_6_video__59.mp4,NOT PLAX,NO COLOUR
Blue_6_video__6.mp4,NOT PLAX,NO COLOUR
Blue_6_video__60.mp4,NOT PLAX,NO COLOUR
Blue_6_video__61.mp4,NOT PLAX,COLOUR
Blue_6_video__62.mp4,NOT PLAX,COLOUR
Blue_6_video__63.mp4,NOT PLAX,NO COLOUR
Blue_6_video__64.mp4,PLAX,COLOUR
Blue_6_video__65.mp4,NOT PLAX,NO COLOUR
Blue_6_video__66.mp4,NOT PLAX,COLOUR
Blue_6_video__67.mp4,NOT PLAX,COLOUR
Blue_6_video__68.mp4,PLAX,NO COLOUR
Blue_6_video__69.mp4,PLAX,NO COLOUR
Blue_6_video__7.mp4,NOT PLAX,NO COLOUR
Blue_6_video__70.mp4,PLAX,COLOUR
Blue_6_video__71.mp4,PLAX,COLOUR
Blue_6_video__72.mp4,PLAX,COLOUR
Blue_6_video__73.mp4,PLAX,COLOUR
Blue_6_video__74.mp4,NOT PLAX,NO COLOUR
Blue_6_video__75.mp4,NOT PLAX,COLOUR
Blue_6_video__76.mp4,NOT PLAX,NO COLOUR
Blue_6_video__77.mp4,NOT PLAX,NO COLOUR
Blue_6_video__78.mp4,NOT PLAX,NO COLOUR
Blue_6_video__79.mp4,NOT PLAX,COLOUR
Blue_6_video__8.mp4,NOT PLAX,COLOUR
Blue_6_video__80.mp4,NOT PLAX,COLOUR
Blue_6_video__81.mp4,NOT PLAX,NO COLOUR
Blue_6_video__82.mp4,NOT PLAX,NO COLOUR
Blue_6_video__83.mp4,NOT PLAX,COLOUR
Blue_6_video__84.mp4,NOT PLAX,COLOUR
Blue_6_video__85.mp4,PLAX,NO COLOUR
Blue_6_video__86.mp4,PLAX,COLOUR
Blue_6_video__87.mp4,PLAX,NO COLOUR
Blue_6_video__88.mp4,PLAX,COLOUR
Blue_6_video__89.mp4,PLAX,COLOUR
Blue_6_video__9.mp4,NOT PLAX,COLOUR
Blue_6_video__90.mp4,PLAX,COLOUR
Blue_6_video__91.mp4,PLAX,COLOUR
Blue_6_video__92.mp4,NOT PLAX,NO COLOUR
Blue_6_video__93.mp4,NOT PLAX,NO COLOUR
Blue_6_video__94.mp4,NOT PLAX,NO COLOUR
Blue_6_video__95.mp4,NOT PLAX,NO COLOUR
Blue_6_video__96.mp4,NOT PLAX,COLOUR
Blue_6_video__97.mp4,PLAX,COLOUR
Blue_6_video__98.mp4,NOT PLAX,COLOUR
Blue_6_video__99.mp4,NOT PLAX,NO COLOUR